transaction_id,user_id,timestamp,amount,merchant_id,merchant_category,device_id,latitude,longitude,location_name,payment_method,transaction_type,fraud_label,fraud_scenario
U033-20240101113016-30611,U033,2024-01-01 11:30:16,193.69,M20404,Shopping,D033_1,19.078383,72.961986,Mumbai,Credit Card,TRANSFER,0,normal
U093-20240101120330-97301,U093,2024-01-01 12:03:30,683.46,M19907,Entertainment,D093_1,19.070003,72.920698,Mumbai,Credit Card,PAYMENT,0,normal
U029-20240101120556-54264,U029,2024-01-01 12:05:56,793.28,M77153,Fuel,D029_2,26.72272,80.992553,Lucknow,Credit Card,TRANSFER,0,normal
U186-20240101144011-77784,U186,2024-01-01 14:40:11,657.54,M35865,Entertainment,D186_2,13.166143,80.420339,Chennai,UPI,TOPUP,0,normal
U079-20240101154702-49157,U079,2024-01-01 15:47:02,489.01,M77539,Healthcare,D079,26.827493,80.926404,Lucknow,Debit Card,REFUND,0,normal
U082-20240101171953-81531,U082,2024-01-01 17:19:53,158.14,M04135,Subscriptions,D082,12.915275,77.498197,Bengaluru,Debit Card,TOPUP,0,normal
U030-20240101172122-90349,U030,2024-01-01 17:21:22,585.56,M28363,Restaurants,D030_3,26.915742,75.920548,Jaipur,Wallet,REFUND,0,normal
U194-20240101191116-57728,U194,2024-01-01 19:11:16,1628.86,M58795,Entertainment,D194_1,28.710724,77.168743,Delhi,UPI,TOPUP,0,normal
U096-20240101203402-60233,U096,2024-01-01 20:34:02,331.85,M33451,Entertainment,D096,13.097736,80.247373,Chennai,Wallet,TRANSFER,0,normal
U177-20240101213834-79364,U177,2024-01-01 21:38:34,497.17,M61554,Electricity,D177,9.853159,76.302291,Kochi,Wallet,PAYMENT,0,normal
U022-20240102130730-62310,U022,2024-01-02 13:07:30,1947.17,M05493,Travel,D022,12.924411,77.624912,Bengaluru,Credit Card,PAYMENT,0,normal
U182-20240102145143-70680,U182,2024-01-02 14:51:43,2564.76,M06333,Restaurants,D182_2,12.940774,77.692515,Bengaluru,Debit Card,TOPUP,0,normal
U132-20240102162837-39913,U132,2024-01-02 16:28:37,489.86,M06298,Education,D132_3,13.02335,77.606415,Bengaluru,Debit Card,REFUND,0,normal
U155-20240102170814-53894,U155,2024-01-02 17:08:14,2975.6,M59329,Travel,D155,17.48188,78.451053,Hyderabad,Credit Card,TOPUP,1,HIGH_AMOUNT
U178-20240102181931-21309,U178,2024-01-02 18:19:31,4394.38,M24780,Healthcare,D178,18.558122,73.919919,Pune,Credit Card,TRANSFER,0,normal
U105-20240102191423-64416,U105,2024-01-02 19:14:23,496.63,M57872,Subscriptions,D105,17.304334,78.482862,Hyderabad,Credit Card,TOPUP,0,normal
U176-20240103115047-49130,U176,2024-01-03 11:50:47,11294.27,M34151,Healthcare,D176_1,13.157447,80.257631,Chennai,Credit Card,TOPUP,1,HIGH_AMOUNT
U115-20240103121858-76493,U115,2024-01-03 12:18:58,1083.55,M58703,Shopping,D115_1,17.294014,78.576253,Hyderabad,Wallet,TOPUP,0,normal
U018-20240103134350-34740,U018,2024-01-03 13:43:50,1288.19,M23230,Shopping,D018_3,18.510933,73.812047,Pune,UPI,PAYMENT,0,normal
U068-20240103160536-78485,U068,2024-01-03 16:05:36,747.21,M24150,Electricity,D068,18.477,73.937957,Pune,UPI,REFUND,0,normal
U070-20240103164139-39345,U070,2024-01-03 16:41:39,398.06,M26546,Restaurants,D070,26.894482,75.760162,Jaipur,UPI,PAYMENT,0,normal
U090-20240103204219-89050,U090,2024-01-03 20:42:19,2382.85,M28565,Bills,D090_2,26.981388,75.875098,Jaipur,Debit Card,TOPUP,0,normal
U161-20240103204808-91777,U161,2024-01-03 20:48:08,350.95,M77868,Fuel,D161_1,12.890164,74.896619,Mangalore,UPI,PAYMENT,1,HIGH_VELOCITY
U188-20240104115555-99057,U188,2024-01-04 11:55:55,38.17,M25451,Restaurants,D188,18.606908,73.938239,Pune,Credit Card,TOPUP,0,normal
U049-20240104133442-45275,U049,2024-01-04 13:34:42,3496.51,M77974,Subscriptions,D049,26.843763,80.953638,Lucknow,UPI,TRANSFER,0,normal
U152-20240104153022-94069,U152,2024-01-04 15:30:22,1677.91,M04199,Subscriptions,D152_1,12.924926,77.494968,Bengaluru,Wallet,TOPUP,0,normal
U125-20240104165147-81630,U125,2024-01-04 16:51:47,4022.77,M57972,Electricity,D125_1,17.280216,78.516956,Hyderabad,Credit Card,TOPUP,0,normal
U067-20240104181245-28043,U067,2024-01-04 18:12:45,2252.52,M63761,Electricity,D067_1,9.928805,76.447281,Kochi,Wallet,TOPUP,0,normal
U099-20240105111614-15229,U099,2024-01-05 11:16:14,934.85,M77284,Education,D099_2,26.902326,80.826092,Lucknow,Credit Card,TOPUP,0,normal
U041-20240105131213-27830,U041,2024-01-05 13:12:13,237.99,M77033,Bills,D041_2,12.868095,74.83518,Mangalore,Credit Card,REFUND,0,normal
U197-20240105152532-77370,U197,2024-01-05 15:25:32,2124.21,M59504,Taxi,D197,9.854018,76.096348,Kochi,Wallet,PAYMENT,0,normal
U083-20240105161420-23043,U083,2024-01-05 16:14:20,905.12,M18700,Subscriptions,D083_1,19.066241,72.803787,Mumbai,UPI,TOPUP,0,normal
U096-20240105183021-38163,U096,2024-01-05 18:30:21,563.62,M32991,Shopping,D096_3,13.034166,80.264969,Chennai,Credit Card,PAYMENT,0,normal
U066-20240105193018-65404,U066,2024-01-05 19:30:18,1492.76,M34221,Electricity,D066_2,13.155335,80.266795,Chennai,Debit Card,PAYMENT,0,normal
U180-20240105193906-52279,U180,2024-01-05 19:39:06,226.19,M24837,Electricity,D180_1,26.961967,75.521735,Jaipur,UPI,TOPUP,0,normal
U194-20240105202149-10314,U194,2024-01-05 20:21:49,594.0,M59593,Education,D194,28.769232,77.190046,Delhi,UPI,TOPUP,0,normal
U177-20240105225715-16079,U177,2024-01-05 22:57:15,274.49,M60801,Travel,D177_3,9.834448,76.245619,Kochi,Debit Card,PAYMENT,0,normal
U092-20240106092514-10089,U092,2024-01-06 09:25:14,514.96,M04663,Restaurants,D092,13.002888,77.463408,Bengaluru,Debit Card,TOPUP,0,normal
U001-20240106145600-37775,U001,2024-01-06 14:56:00,643.62,M77686,Shopping,D001,12.860377,74.908179,Mangalore,UPI,TOPUP,0,normal
U197-20240106172953-48534,U197,2024-01-06 17:29:53,955.26,M59977,Groceries,D197_2,9.859941,76.137726,Kochi,Wallet,REFUND,0,normal
U185-20240106185934-26411,U185,2024-01-06 18:59:34,4429.09,M59456,Subscriptions,D185_1,17.505838,78.439752,Hyderabad,UPI,TOPUP,0,normal
U139-20240107102308-63232,U139,2024-01-07 10:23:08,373.2,M77696,Education,D139,26.705461,81.064115,Lucknow,Wallet,PAYMENT,0,normal
U133-20240107102405-55900,U133,2024-01-07 10:24:05,693.89,M19488,Taxi,D133_1,19.089494,72.859296,Mumbai,Wallet,TRANSFER,0,normal
U056-20240107195922-81807,U056,2024-01-07 19:59:22,263.44,M33221,Entertainment,D056_2,13.156863,80.165199,Chennai,Debit Card,TRANSFER,0,normal
U162-20240107203637-11869,U162,2024-01-07 20:36:37,22.11,M05762,Restaurants,D162_1,13.030462,77.545755,Bengaluru,Debit Card,PAYMENT,0,normal
U154-20240107205702-50380,U154,2024-01-07 20:57:02,326.48,M61646,Education,D154,28.686569,77.478013,Delhi,Debit Card,REFUND,0,normal
U143-20240107222423-74280,U143,2024-01-07 22:24:23,1539.99,M18445,Taxi,D143_1,19.037741,72.806769,Mumbai,Debit Card,TRANSFER,0,normal
U087-20240108105831-33628,U087,2024-01-08 10:58:31,290.58,M63331,Fuel,D087_2,9.92489,76.4082,Kochi,UPI,PAYMENT,0,normal
U172-20240108111824-61955,U172,2024-01-08 11:18:24,1554.14,M05607,Travel,D172_1,12.982006,77.578701,Bengaluru,UPI,TOPUP,0,normal
U197-20240108121416-83516,U197,2024-01-08 12:14:16,1261.01,M60121,Shopping,D197,9.875316,76.136751,Kochi,Credit Card,REFUND,0,normal
U093-20240108123015-89365,U093,2024-01-08 12:30:15,1353.7,M19250,Fuel,D093_2,19.061188,72.863805,Mumbai,Debit Card,PAYMENT,0,normal
U109-20240108162442-87094,U109,2024-01-08 16:24:42,2064.45,M77800,Shopping,D109_1,26.818276,80.961753,Lucknow,Debit Card,TRANSFER,0,normal
U002-20240108180906-21828,U002,2024-01-08 18:09:06,304.27,M05457,Healthcare,D002_1,12.965393,77.580348,Bengaluru,UPI,TRANSFER,0,normal
U177-20240108181453-14849,U177,2024-01-08 18:14:53,783.74,M61888,Education,D177_3,9.880909,76.307863,Kochi,Debit Card,TRANSFER,0,normal
U122-20240108184856-20698,U122,2024-01-08 18:48:56,699.17,M05161,Education,D122_2,12.892022,77.62407,Bengaluru,Wallet,REFUND,0,normal
U070-20240108191450-24406,U070,2024-01-08 19:14:50,565.78,M27362,Entertainment,D070_1,26.91887,75.817355,Jaipur,Debit Card,TOPUP,0,normal
U102-20240108194555-45699,U102,2024-01-08 19:45:55,1777.99,M05785,Electricity,D102_1,12.888569,77.689964,Bengaluru,Debit Card,PAYMENT,0,normal
U036-20240108194614-39901,U036,2024-01-08 19:46:14,940.26,M33821,Groceries,D036_3,12.993066,80.389075,Chennai,Credit Card,PAYMENT,0,normal
U159-20240109121623-84790,U159,2024-01-09 12:16:23,2943.02,M77708,Entertainment,D159,26.833827,80.936985,Lucknow,UPI,PAYMENT,0,normal
U070-20240109131627-86906,U070,2024-01-09 13:16:27,848.96,M25830,Bills,D070,26.834328,75.748703,Jaipur,Debit Card,REFUND,0,normal
U184-20240109133219-49599,U184,2024-01-09 13:32:19,235.28,M56610,Subscriptions,D184_1,28.575712,77.085305,Delhi,Wallet,PAYMENT,0,normal
U080-20240109134238-98409,U080,2024-01-09 13:42:38,312.0,M26643,Electricity,D080_2,26.903613,75.76066,Jaipur,Credit Card,TOPUP,0,normal
U014-20240109134404-54819,U014,2024-01-09 13:44:04,758.32,M58804,Taxi,D014,28.67501,77.205397,Delhi,UPI,TRANSFER,0,normal
U031-20240109142437-34356,U031,2024-01-09 14:24:37,554.36,M76831,Taxi,D031_1,12.95634,74.726791,Mangalore,UPI,PAYMENT,0,normal
U024-20240109142946-17308,U024,2024-01-09 14:29:46,1729.07,M58311,Healthcare,D024,28.58083,77.250286,Delhi,Debit Card,REFUND,0,normal
U088-20240109150359-79823,U088,2024-01-09 15:03:59,1063.83,M22414,Groceries,D088_1,18.475204,73.766161,Pune,UPI,REFUND,0,normal
U129-20240109151020-87027,U129,2024-01-09 15:10:20,321.6,M78399,Education,D1129,26.859453,80.980439,Lucknow,Wallet,TOPUP,1,NEW_DEVICE
U107-20240109164348-67851,U107,2024-01-09 16:43:48,249.89,M62085,Healthcare,D107_1,9.978869,76.229605,Kochi,Wallet,TOPUP,0,normal
U161-20240109190544-53972,U161,2024-01-09 19:05:44,1033.42,M77988,Restaurants,D161_1,12.88975,74.909067,Mangalore,Wallet,PAYMENT,0,normal
U137-20240109200158-50009,U137,2024-01-09 20:01:58,176.23,M60540,Entertainment,D137,9.938989,76.114996,Kochi,Debit Card,TOPUP,0,normal
U129-20240109202128-97939,U129,2024-01-09 20:21:28,349.63,M78885,Healthcare,D129,26.863142,81.025345,Lucknow,Debit Card,REFUND,0,normal
U191-20240109203034-40906,U191,2024-01-09 20:30:34,357.54,M77112,Restaurants,D191_2,12.942373,74.768854,Mangalore,Credit Card,TOPUP,0,normal
U038-20240110135941-51554,U038,2024-01-10 13:59:41,142.4,M22696,Electricity,D038_1,18.371373,73.898256,Pune,UPI,TOPUP,0,normal
U173-20240110141427-10492,U173,2024-01-10 14:14:27,768.6,M20273,Travel,D173,19.051207,72.976131,Mumbai,Wallet,PAYMENT,0,normal
U102-20240110145638-68348,U102,2024-01-10 14:56:38,1049.18,M06485,Shopping,D102_3,12.971575,77.676961,Bengaluru,Wallet,REFUND,0,normal
U147-20240110150735-23123,U147,2024-01-10 15:07:35,330.95,M60197,Fuel,D147,9.900454,76.119286,Kochi,Debit Card,REFUND,0,normal
U197-20240110161132-31827,U197,2024-01-10 16:11:32,826.53,M60446,Entertainment,D197_2,9.888648,76.155975,Kochi,Wallet,REFUND,0,normal
U091-20240110175149-35429,U091,2024-01-10 17:51:49,827.4,M79604,Entertainment,D091,12.965976,74.994473,Mangalore,Credit Card,PAYMENT,0,normal
U099-20240110180047-86430,U099,2024-01-10 18:00:47,2299.34,M77421,Healthcare,D099_2,26.923627,80.81849,Lucknow,Credit Card,TRANSFER,0,normal
U113-20240110201557-30690,U113,2024-01-10 20:15:57,1143.29,M19852,Shopping,D113_1,19.055123,72.930118,Mumbai,UPI,REFUND,0,normal
U173-20240110202023-21175,U173,2024-01-10 20:20:23,529.35,M21379,Fuel,D173,19.113474,73.024444,Mumbai,Wallet,TRANSFER,0,normal
U177-20240111111039-26932,U177,2024-01-11 11:10:39,308.45,M61580,Subscriptions,D177,9.845352,76.312675,Kochi,Debit Card,REFUND,0,normal
U121-20240111132658-92587,U121,2024-01-11 13:26:58,151.23,M76563,Subscriptions,D121,12.888317,74.767983,Mangalore,Wallet,TRANSFER,0,normal
U014-20240111191000-80742,U014,2024-01-11 19:10:00,299.18,M58526,Healthcare,D014_2,28.633904,77.218655,Delhi,Debit Card,TOPUP,0,normal
U140-20240111203615-28378,U140,2024-01-11 20:36:15,130.88,M27574,Travel,D140_2,26.927517,75.829907,Jaipur,Debit Card,REFUND,0,normal
U158-20240112162003-62703,U158,2024-01-12 16:20:03,1526.89,M24584,Entertainment,D158_2,18.519676,73.938737,Pune,Wallet,PAYMENT,0,normal
U100-20240112164627-54988,U100,2024-01-12 16:46:27,591.85,M26911,Electricity,D100_1,26.915005,75.776113,Jaipur,Debit Card,TOPUP,0,normal
U071-20240112175610-25512,U071,2024-01-12 17:56:10,69.96,M78222,Travel,D071_1,12.908928,74.913303,Mangalore,Wallet,REFUND,0,normal
U182-20240112182033-81548,U182,2024-01-12 18:20:33,5041.95,M07819,Education,D182_2,13.046314,77.73561,Bengaluru,Credit Card,TOPUP,1,HIGH_AMOUNT
U172-20240112200259-13449,U172,2024-01-12 20:02:59,244.47,M05572,Healthcare,D172,12.945256,77.61192,Bengaluru,UPI,REFUND,0,normal
U195-20240113103255-68893,U195,2024-01-13 10:32:55,5927.04,M59886,Subscriptions,D195,17.472899,78.51568,Hyderabad,UPI,TOPUP,0,normal
U119-20240113133906-53935,U119,2024-01-13 13:39:06,1203.34,M77116,Groceries,D119_1,26.765768,80.945878,Lucknow,Debit Card,REFUND,0,normal
U088-20240113143754-73332,U088,2024-01-13 14:37:54,128.04,M23891,Subscriptions,D088,18.516766,73.872339,Pune,Credit Card,TOPUP,0,normal
U005-20240113164453-39814,U005,2024-01-13 16:44:53,205.6,M58857,Healthcare,D005_2,17.348492,78.53717,Hyderabad,Credit Card,TOPUP,0,normal
U068-20240113184738-46133,U068,2024-01-13 18:47:38,889.13,M25517,Fuel,D068_2,18.548457,74.003231,Pune,UPI,TOPUP,0,normal
U161-20240113201439-38883,U161,2024-01-13 20:14:39,913.39,M78193,Bills,D161_1,12.889148,74.93011,Mangalore,UPI,TRANSFER,0,normal
U138-20240114050550-64187,U138,2024-01-14 05:05:50,10078.23,M23567,Entertainment,D1138,28.599541,77.234979,Delhi,Credit Card,PAYMENT,1,ACCOUNT_TAKEOVER
U099-20240114110304-38250,U099,2024-01-14 11:03:04,2214.94,M77437,Restaurants,D099,26.923546,80.820112,Lucknow,Debit Card,TOPUP,0,normal
U087-20240114141634-59540,U087,2024-01-14 14:16:34,440.99,M61591,Restaurants,D087_3,9.910337,76.248762,Kochi,UPI,REFUND,0,normal
U076-20240114195326-31733,U076,2024-01-14 19:53:26,588.19,M34126,Groceries,D076_1,13.190652,80.221921,Chennai,Wallet,TOPUP,0,normal
U016-20240114202906-89576,U016,2024-01-14 20:29:06,317.22,M33652,Travel,D016_1,13.147837,80.217374,Chennai,Debit Card,TRANSFER,0,normal
U173-20240114205459-25370,U173,2024-01-14 20:54:59,923.89,M20021,Taxi,D173_1,19.040471,72.961601,Mumbai,Debit Card,REFUND,0,normal
U165-20240115115003-15186,U165,2024-01-15 11:50:03,413.55,M59483,Education,D165,17.409245,78.539026,Hyderabad,Debit Card,REFUND,0,normal
U059-20240115132026-22315,U059,2024-01-15 13:20:26,4957.43,M75721,Healthcare,D059_1,26.882925,80.689165,Lucknow,Wallet,TOPUP,0,normal
U111-20240115153315-98221,U111,2024-01-15 15:33:15,1344.87,M76945,Entertainment,D111_2,12.921517,74.772945,Mangalore,Wallet,PAYMENT,0,normal
U081-20240116175733-72320,U081,2024-01-16 17:57:33,548.66,M78774,Restaurants,D081_3,12.91752,74.959857,Mangalore,UPI,PAYMENT,0,normal
U015-20240116193747-53578,U015,2024-01-16 19:37:47,4670.35,M57458,Fuel,D015_1,17.322814,78.423012,Hyderabad,Wallet,PAYMENT,0,normal
U035-20240116195310-87869,U035,2024-01-16 19:53:10,1022.71,M58340,Electricity,D035_1,17.307655,78.526315,Hyderabad,UPI,TOPUP,0,normal
U099-20240117123310-99182,U099,2024-01-17 12:33:10,1773.24,M76811,Bills,D099_1,26.910298,80.770816,Lucknow,Wallet,PAYMENT,0,normal
U144-20240117134309-61683,U144,2024-01-17 13:43:09,1796.25,M60884,Subscriptions,D144,28.635604,77.452846,Delhi,Wallet,TRANSFER,0,normal
U179-20240117141136-32003,U179,2024-01-17 14:11:36,1729.64,M78394,Shopping,D179,26.883948,80.955404,Lucknow,Credit Card,PAYMENT,0,normal
U123-20240117142623-28860,U123,2024-01-17 14:26:23,3831.14,M20400,Groceries,D123_3,19.120205,72.919759,Mumbai,Wallet,TOPUP,0,normal
U065-20240117145925-52496,U065,2024-01-17 14:59:25,1960.05,M58111,Fuel,D065_1,17.361435,78.449685,Hyderabad,UPI,PAYMENT,0,normal
U045-20240117151119-80401,U045,2024-01-17 15:11:19,1925.26,M57641,Taxi,D045_1,17.308157,78.455907,Hyderabad,Wallet,TRANSFER,0,normal
U056-20240117160805-63057,U056,2024-01-17 16:08:05,444.52,M32935,Electricity,D056,13.105062,80.188405,Chennai,UPI,TOPUP,0,normal
U161-20240117182846-98256,U161,2024-01-17 18:28:46,906.73,M77091,Fuel,D161_1,12.864805,74.844282,Mangalore,UPI,REFUND,0,normal
U143-20240117203554-79106,U143,2024-01-17 20:35:54,892.8,M19643,Electricity,D143_1,19.052851,72.911465,Mumbai,Wallet,TRANSFER,0,normal
U107-20240117223622-24197,U107,2024-01-17 22:36:22,415.76,M61133,Healthcare,D107_1,9.927113,76.186142,Kochi,Debit Card,TOPUP,0,normal
U117-20240118105340-14405,U117,2024-01-18 10:53:40,139.54,M61247,Healthcare,D117,9.920793,76.203891,Kochi,Credit Card,REFUND,0,normal
U010-20240118124352-94926,U010,2024-01-18 12:43:52,313.81,M25912,Electricity,D010,26.830366,75.760868,Jaipur,UPI,TRANSFER,0,normal
U094-20240118161615-50651,U094,2024-01-18 16:16:15,417.85,M55259,Taxi,D094_1,28.461737,77.064152,Delhi,Wallet,TOPUP,0,normal
U038-20240118202512-64024,U038,2024-01-18 20:25:12,120.61,M23608,Fuel,D038,18.43344,73.927406,Pune,Wallet,TRANSFER,0,normal
U055-20240119120640-88851,U055,2024-01-19 12:06:40,523.48,M57902,Fuel,D055,17.343331,78.446915,Hyderabad,Credit Card,TOPUP,0,normal
U052-20240119140145-44322,U052,2024-01-19 14:01:45,944.66,M03867,Bills,D052,12.88384,77.502853,Bengaluru,Debit Card,TOPUP,0,normal
U059-20240119154808-64384,U059,2024-01-19 15:48:08,2850.83,M74564,Healthcare,D059_2,26.805297,80.651111,Lucknow,Credit Card,PAYMENT,0,normal
U108-20240119161737-54932,U108,2024-01-19 16:17:37,59.05,M24439,Subscriptions,D108,18.559014,73.884862,Pune,Debit Card,REFUND,0,normal
U072-20240119182242-88403,U072,2024-01-19 18:22:42,907.48,M05686,Subscriptions,D072,12.990306,77.578284,Bengaluru,Wallet,PAYMENT,0,normal
U029-20240120134328-89717,U029,2024-01-20 13:43:28,1173.94,M76872,Restaurants,D029_1,26.816003,80.871232,Lucknow,Wallet,TRANSFER,0,normal
U030-20240120140947-33921,U030,2024-01-20 14:09:47,811.77,M28194,Bills,D030_3,26.943724,75.87563,Jaipur,UPI,TRANSFER,0,normal
U120-20240120151938-22618,U120,2024-01-20 15:19:38,748.5,M25407,Shopping,D120_1,26.781679,75.759054,Jaipur,Credit Card,TRANSFER,0,normal
U192-20240120170352-47799,U192,2024-01-20 17:03:52,20.0,M06059,Entertainment,D192_2,12.984871,77.621054,Bengaluru,UPI,REFUND,0,normal
U123-20240120175855-82486,U123,2024-01-20 17:58:55,1924.68,M19141,Bills,D123_2,17.395919,78.468366,Hyderabad,Debit Card,TRANSFER,1,LOCATION_ANOMALY
U074-20240120190719-46215,U074,2024-01-20 19:07:19,575.47,M60357,Subscriptions,D074,28.601929,77.433812,Delhi,Wallet,PAYMENT,0,normal
U179-20240120220348-88013,U179,2024-01-20 22:03:48,1363.24,M78314,Healthcare,D179_2,26.894017,80.937343,Lucknow,UPI,REFUND,0,normal
U057-20240121105056-99024,U057,2024-01-21 10:50:56,794.21,M63488,Subscriptions,D057,9.976765,76.372046,Kochi,Wallet,TRANSFER,0,normal
U047-20240121140658-86716,U047,2024-01-21 14:06:58,2095.42,M64067,Fuel,D047,9.89657,76.510088,Kochi,Credit Card,PAYMENT,0,normal
U019-20240122155132-41122,U019,2024-01-22 15:51:32,356.17,M77379,Electricity,D019,26.808856,80.929063,Lucknow,Debit Card,TRANSFER,0,normal
U108-20240122172743-24015,U108,2024-01-22 17:27:43,150.9,M22506,Fuel,D108_1,18.502174,73.748449,Pune,Debit Card,TRANSFER,0,normal
U121-20240122181305-54697,U121,2024-01-22 18:13:05,107.08,M77407,Subscriptions,D121_1,12.96217,74.778501,Mangalore,Credit Card,PAYMENT,1,MERCHANT_ANOMALY
U178-20240122194916-78390,U178,2024-01-22 19:49:16,2181.3,M25125,Electricity,D178_1,18.601766,73.91071,Pune,Credit Card,REFUND,0,normal
U094-20240122202859-11271,U094,2024-01-22 20:28:59,744.41,M55837,Shopping,D094_1,28.537049,77.046666,Delhi,UPI,PAYMENT,0,normal
U133-20240122211204-71770,U133,2024-01-22 21:12:04,373.4,M18810,Taxi,D133_1,19.096365,72.78462,Mumbai,Debit Card,TRANSFER,0,normal
U063-20240122223512-61916,U063,2024-01-22 22:35:12,744.86,M18201,Subscriptions,D063,19.051563,72.768567,Mumbai,UPI,TOPUP,0,normal
U153-20240123140638-61865,U153,2024-01-23 14:06:38,820.82,M19937,Travel,D153_3,19.145662,72.848004,Mumbai,UPI,TOPUP,0,normal
U142-20240123161029-51515,U142,2024-01-23 16:10:29,3888.08,M04387,Education,D142,12.822047,77.616625,Bengaluru,UPI,TRANSFER,0,normal
U177-20240123163521-24027,U177,2024-01-23 16:35:21,1099.29,M62002,Electricity,D177,9.860973,76.339205,Kochi,Credit Card,PAYMENT,0,normal
U139-20240124103555-23358,U139,2024-01-24 10:35:55,258.25,M76444,Bills,D139_1,26.687761,80.95663,Lucknow,Credit Card,REFUND,0,normal
U068-20240124115815-60964,U068,2024-01-24 11:58:15,1136.63,M24605,Groceries,D068_2,18.517899,73.942631,Pune,Wallet,PAYMENT,0,normal
U162-20240124141941-37181,U162,2024-01-24 14:19:41,49.99,M05103,Shopping,D162_3,13.018525,77.491802,Bengaluru,Wallet,REFUND,0,normal
U156-20240124172457-85853,U156,2024-01-24 17:24:57,1102.46,M34012,Shopping,D156_3,13.109589,80.291587,Chennai,UPI,REFUND,0,normal
U076-20240124174345-66384,U076,2024-01-24 17:43:45,709.67,M33573,Travel,D076_1,13.130751,80.226525,Chennai,Credit Card,TOPUP,0,normal
U010-20240124190346-16990,U010,2024-01-24 19:03:46,833.52,M25724,Taxi,D010_1,26.836983,75.735445,Jaipur,UPI,TOPUP,0,normal
U027-20240124205835-70982,U027,2024-01-24 20:58:35,1196.08,M62296,Restaurants,D027,9.98435,76.245293,Kochi,Debit Card,TRANSFER,0,normal
U018-20240125130731-49599,U018,2024-01-25 13:07:31,1877.56,M23920,Subscriptions,D018_3,18.534712,73.857263,Pune,Debit Card,TOPUP,0,normal
U067-20240125183338-51042,U067,2024-01-25 18:33:38,1647.26,M62304,Restaurants,D067,9.884816,76.345544,Kochi,Wallet,REFUND,0,normal
U131-20240125194217-28946,U131,2024-01-25 19:42:17,150.61,M77597,Electricity,D131_2,12.905249,74.854497,Mangalore,UPI,REFUND,0,normal
U007-20240125204746-38931,U007,2024-01-25 20:47:46,336.21,M60264,Electricity,D007,9.888793,76.137559,Kochi,Credit Card,TOPUP,0,normal
U137-20240125210317-83456,U137,2024-01-25 21:03:17,835.23,M61478,Subscriptions,D137,9.927933,76.219869,Kochi,Credit Card,REFUND,0,normal
U149-20240125212752-64787,U149,2024-01-25 21:27:52,766.67,M76659,Taxi,D149,26.823845,80.842025,Lucknow,UPI,TRANSFER,0,normal
U113-20240125214452-97849,U113,2024-01-25 21:44:52,446.79,M19546,Bills,D113_2,19.063527,72.891115,Mumbai,Wallet,TOPUP,0,normal
U145-20240126164643-35438,U145,2024-01-26 16:46:43,952.08,M58879,Education,D145,17.366861,78.520993,Hyderabad,Wallet,PAYMENT,0,normal
U156-20240126184030-71429,U156,2024-01-26 18:40:30,1562.36,M33862,Taxi,D156_2,13.14231,80.243841,Chennai,Debit Card,TRANSFER,1,MERCHANT_ANOMALY
U171-20240126190604-14490,U171,2024-01-26 19:06:04,823.88,M79116,Groceries,D171_2,12.982689,74.928948,Mangalore,Debit Card,REFUND,0,normal
U040-20240126191207-94427,U040,2024-01-26 19:12:07,1507.65,M29566,Travel,D040_1,26.941826,76.014745,Jaipur,Credit Card,PAYMENT,0,normal
U137-20240127145420-67931,U137,2024-01-27 14:54:20,795.86,M62386,Shopping,D137_2,9.956055,76.282558,Kochi,Wallet,TOPUP,0,normal
U059-20240127164241-68735,U059,2024-01-27 16:42:41,2283.07,M75338,Bills,D059_1,26.888578,80.64523,Lucknow,Debit Card,TOPUP,0,normal
U153-20240128121617-13557,U153,2024-01-28 12:16:17,585.31,M20220,Fuel,D153_2,19.195104,72.826893,Mumbai,Credit Card,TOPUP,0,normal
U017-20240128140931-88209,U017,2024-01-28 14:09:31,955.03,M63483,Taxi,D017_1,9.93666,76.411678,Kochi,Debit Card,REFUND,0,normal
U110-20240129092540-72493,U110,2024-01-29 09:25:40,106.27,M27242,Groceries,D110,26.799617,75.924595,Jaipur,UPI,REFUND,0,normal
U178-20240129110220-70503,U178,2024-01-29 11:02:20,1535.17,M25150,Restaurants,D178,18.581921,73.933098,Pune,UPI,PAYMENT,0,normal
U127-20240129150422-61530,U127,2024-01-29 15:04:22,234.54,M60562,Travel,D127_1,9.821665,76.234576,Kochi,Wallet,PAYMENT,0,normal
U066-20240129191252-89896,U066,2024-01-29 19:12:52,1194.07,M34239,Entertainment,D066_1,12.904103,74.908085,Mangalore,Wallet,TRANSFER,1,LOCATION_ANOMALY
U115-20240129192224-60453,U115,2024-01-29 19:22:24,606.13,M59169,Restaurants,D115,17.333679,78.583258,Hyderabad,Credit Card,REFUND,0,normal
U197-20240129203652-60590,U197,2024-01-29 20:36:52,2213.64,M59547,Travel,D197_2,9.840542,76.114166,Kochi,Debit Card,PAYMENT,0,normal
U152-20240130123739-29980,U152,2024-01-30 12:37:39,283.47,M04597,Subscriptions,D152_1,12.925925,77.533745,Bengaluru,Debit Card,PAYMENT,0,normal
U085-20240130141627-18656,U085,2024-01-30 14:16:27,435.27,M58949,Restaurants,D085_1,17.436702,78.458243,Hyderabad,Credit Card,PAYMENT,0,normal
U058-20240130150148-76706,U058,2024-01-30 15:01:48,743.09,M24126,Shopping,D058,18.521616,73.891001,Pune,Credit Card,TOPUP,0,normal
U145-20240130153943-67104,U145,2024-01-30 15:39:43,1014.09,M59270,Education,D145,17.415192,78.51182,Hyderabad,Wallet,REFUND,0,normal
U126-20240130180615-70030,U126,2024-01-30 18:06:15,20.0,M34747,Electricity,D126_3,13.080713,80.39395,Chennai,Credit Card,TOPUP,0,normal
U011-20240130183608-30207,U011,2024-01-30 18:36:08,2859.05,M76426,Restaurants,D011_1,12.860039,74.782512,Mangalore,UPI,REFUND,0,normal
U146-20240130185805-81644,U146,2024-01-30 18:58:05,425.56,M34334,Travel,D146,13.079284,80.354136,Chennai,UPI,PAYMENT,0,normal
U088-20240131144731-44621,U088,2024-01-31 14:47:31,954.39,M22468,Healthcare,D088_1,18.43822,73.808556,Pune,Wallet,TRANSFER,0,normal
U058-20240131174411-86493,U058,2024-01-31 17:44:11,562.92,M25260,Shopping,D058_1,18.602378,73.923665,Pune,UPI,TRANSFER,0,normal
U172-20240131182601-47048,U172,2024-01-31 18:26:01,1200.89,M05729,Healthcare,D172_1,12.989384,77.583534,Bengaluru,Debit Card,REFUND,0,normal
U022-20240131184341-24959,U022,2024-01-31 18:43:41,1391.38,M06350,Shopping,D022,12.957475,77.677562,Bengaluru,Debit Card,TRANSFER,0,normal
U103-20240131185513-32456,U103,2024-01-31 18:55:13,1834.83,M19836,Fuel,D103_1,19.043713,72.939887,Mumbai,Debit Card,TRANSFER,0,normal
U056-20240201123625-62946,U056,2024-02-01 12:36:25,335.65,M31659,Education,D056_2,13.081643,80.084266,Chennai,Debit Card,REFUND,0,normal
U029-20240201180038-19500,U029,2024-02-01 18:00:38,822.51,M76775,Bills,D029_1,26.78106,80.896414,Lucknow,Wallet,PAYMENT,0,normal
U134-20240201192743-37121,U134,2024-02-01 19:27:43,636.07,M57034,Bills,D134_1,28.526459,77.176897,Delhi,Debit Card,PAYMENT,0,normal
U024-20240201194007-99081,U024,2024-02-01 19:40:07,2213.71,M58816,Entertainment,D024_1,28.57005,77.311513,Delhi,Wallet,PAYMENT,0,normal
U026-20240202091752-54384,U026,2024-02-02 09:17:52,801.01,M34788,Subscriptions,D026_2,13.167842,80.310918,Chennai,Wallet,PAYMENT,1,HIGH_VELOCITY
U141-20240202144649-27991,U141,2024-02-02 14:46:49,323.14,M80223,Entertainment,D141_3,12.975117,75.047138,Mangalore,Debit Card,REFUND,0,normal
U151-20240202174938-58071,U151,2024-02-02 17:49:38,20.0,M78353,Fuel,D151_1,12.933845,74.901467,Mangalore,Credit Card,TOPUP,0,normal
U055-20240202183412-83831,U055,2024-02-02 18:34:12,352.07,M57218,Education,D055,17.35385,78.367919,Hyderabad,Credit Card,REFUND,0,normal
U098-20240202183801-55390,U098,2024-02-02 18:38:01,237.99,M21596,Shopping,D098_2,18.482023,73.677574,Pune,Wallet,PAYMENT,0,normal
U189-20240202184831-14581,U189,2024-02-02 18:48:31,532.82,M77052,Entertainment,D189_1,26.848275,80.856909,Lucknow,UPI,PAYMENT,0,normal
U168-20240202194214-85391,U168,2024-02-02 19:42:14,679.03,M23192,Bills,D168_3,18.445279,73.873932,Pune,Debit Card,REFUND,0,normal
U134-20240202203313-73347,U134,2024-02-02 20:33:13,932.03,M56991,Education,D134_1,28.560904,77.138171,Delhi,Wallet,TRANSFER,0,normal
U100-20240203162638-80120,U100,2024-02-03 16:26:38,502.23,M26934,Restaurants,D100,26.984257,75.709188,Jaipur,Debit Card,REFUND,0,normal
U103-20240203182520-12570,U103,2024-02-03 18:25:20,929.56,M18670,Electricity,D103,19.041404,72.825585,Mumbai,Wallet,REFUND,0,normal
U149-20240203193611-64403,U149,2024-02-03 19:36:11,216.78,M76924,Groceries,D149,26.787791,80.904605,Lucknow,UPI,TOPUP,0,normal
U084-20240204023857-61206,U084,2024-02-04 02:38:57,1189.8,M60106,Bills,D084_2,28.774406,77.236164,Delhi,Wallet,TOPUP,1,UNUSUAL_TIME
U062-20240204092553-94258,U062,2024-02-04 09:25:53,1317.75,M07144,Shopping,D062_1,13.05589,77.658498,Bengaluru,Credit Card,PAYMENT,0,normal
U064-20240204112337-11811,U064,2024-02-04 11:23:37,250.97,M58975,Healthcare,D064,28.579994,77.317538,Delhi,Wallet,PAYMENT,0,normal
U050-20240204125043-84316,U050,2024-02-04 12:50:43,419.01,M26436,Bills,D050,26.787547,75.856075,Jaipur,UPI,REFUND,0,normal
U013-20240204132731-42352,U013,2024-02-04 13:27:31,355.29,M19346,Travel,D013_1,19.127083,72.807554,Mumbai,Debit Card,TOPUP,0,normal
U105-20240204152450-90147,U105,2024-02-04 15:24:50,1627.85,M57798,Education,D105,17.272448,78.507339,Hyderabad,Wallet,TOPUP,0,normal
U145-20240204155223-52696,U145,2024-02-04 15:52:23,2584.52,M58971,Electricity,D145,17.366951,78.530101,Hyderabad,Wallet,REFUND,0,normal
U123-20240204164223-22999,U123,2024-02-04 16:42:23,1545.89,M20920,Taxi,D123_3,19.154543,72.937502,Mumbai,Debit Card,PAYMENT,1,HIGH_VELOCITY
U018-20240205052447-40338,U018,2024-02-05 05:24:47,41037.42,M23549,Bills,D1018,13.010465,74.969082,Mangalore,Credit Card,PAYMENT,1,ACCOUNT_TAKEOVER
U074-20240205115045-18762,U074,2024-02-05 11:50:45,1058.37,M59440,Healthcare,D074_1,28.634934,77.309028,Delhi,Wallet,REFUND,1,HIGH_VELOCITY
U164-20240205121801-97461,U164,2024-02-05 12:18:01,874.09,M58190,Restaurants,D164_2,28.567164,77.251872,Delhi,Wallet,REFUND,0,normal
U005-20240205124024-68977,U005,2024-02-05 12:40:24,1728.94,M59215,Shopping,D005_1,17.38137,78.540143,Hyderabad,UPI,PAYMENT,0,normal
U070-20240205141458-85405,U070,2024-02-05 14:14:58,347.99,M26327,Taxi,D070_1,26.874458,75.758251,Jaipur,Wallet,REFUND,0,normal
U116-20240205161008-50683,U116,2024-02-05 16:10:08,1300.59,M37063,Entertainment,D116_1,13.29392,80.412378,Chennai,Credit Card,PAYMENT,0,normal
U020-20240205191738-58684,U020,2024-02-05 19:17:38,570.3,M27510,Shopping,D020,26.879565,75.871483,Jaipur,UPI,TOPUP,0,normal
U168-20240205194709-21199,U168,2024-02-05 19:47:09,1148.26,M24300,Subscriptions,D168,18.49096,73.938994,Pune,UPI,TRANSFER,0,normal
U183-20240205214613-27067,U183,2024-02-05 21:46:13,1244.39,M19540,Restaurants,D183,19.048517,72.905515,Mumbai,Debit Card,TOPUP,0,normal
U074-20240206102424-28931,U074,2024-02-06 10:24:24,1227.92,M60686,Education,D074_2,28.665718,77.402901,Delhi,Credit Card,REFUND,0,normal
U133-20240206124915-93381,U133,2024-02-06 12:49:15,20.0,M18525,Healthcare,D133_1,19.060754,72.791766,Mumbai,UPI,TRANSFER,0,normal
U033-20240206131312-29191,U033,2024-02-06 13:13:12,992.23,M20664,Subscriptions,D033_1,19.117538,72.948855,Mumbai,Debit Card,TRANSFER,0,normal
U168-20240206133452-68750,U168,2024-02-06 13:34:52,507.91,M23575,Bills,D168_2,18.480956,73.876581,Pune,Credit Card,TRANSFER,0,normal
U104-20240206141950-26098,U104,2024-02-06 14:19:50,490.63,M58515,Restaurants,D104,28.666985,77.184535,Delhi,Debit Card,TOPUP,0,normal
U069-20240206153537-77867,U069,2024-02-06 15:35:37,3926.19,M77096,Taxi,D069_1,26.872872,80.836682,Lucknow,Wallet,TRANSFER,0,normal
U095-20240206154017-94822,U095,2024-02-06 15:40:17,79.99,M57685,Electricity,D095_1,17.386755,78.381726,Hyderabad,Wallet,REFUND,0,normal
U052-20240206172036-36357,U052,2024-02-06 17:20:36,770.4,M05317,Entertainment,D052,12.912318,77.619393,Bengaluru,Debit Card,TRANSFER,0,normal
U047-20240206174138-85912,U047,2024-02-06 17:41:38,1419.42,M63557,Electricity,D047,9.880713,76.474958,Kochi,UPI,PAYMENT,0,normal
U150-20240206191226-45285,U150,2024-02-06 19:12:26,853.99,M26584,Restaurants,D150_1,26.871393,75.787028,Jaipur,Debit Card,TRANSFER,0,normal
U070-20240206195930-96671,U070,2024-02-06 19:59:30,256.04,M26098,Taxi,D070,26.899528,75.710309,Jaipur,Debit Card,TRANSFER,0,normal
U162-20240206204438-53804,U162,2024-02-06 20:44:38,290.47,M06923,Restaurants,D162_3,13.033394,77.65886,Bengaluru,Debit Card,TRANSFER,0,normal
U143-20240207120235-21675,U143,2024-02-07 12:02:35,478.18,M20057,Subscriptions,D143_2,19.071931,72.933772,Mumbai,UPI,TOPUP,0,normal
U064-20240207121539-86390,U064,2024-02-07 12:15:39,262.53,M58788,Groceries,D064,28.59291,77.285897,Delhi,UPI,PAYMENT,0,normal
U092-20240207171101-81884,U092,2024-02-07 17:11:01,822.06,M05370,Bills,D092_1,13.04084,77.496168,Bengaluru,Wallet,TRANSFER,0,normal
U140-20240207180512-19651,U140,2024-02-07 18:05:12,336.94,M27472,Electricity,D140_1,26.93075,75.816415,Jaipur,Debit Card,REFUND,0,normal
U159-20240208141226-24196,U159,2024-02-08 14:12:26,2645.8,M78006,Subscriptions,D159,26.858487,80.942094,Lucknow,UPI,TOPUP,0,normal
U086-20240208165752-19474,U086,2024-02-08 16:57:52,65.86,M33666,Electricity,D086,12.995468,80.371089,Chennai,UPI,REFUND,0,normal
U198-20240208171023-11151,U198,2024-02-08 17:10:23,327.7,M23985,Healthcare,D198,18.544504,73.854034,Pune,Debit Card,TOPUP,0,normal
U042-20240208204227-77386,U042,2024-02-08 20:42:27,1605.89,M03441,Restaurants,D042_2,12.948512,77.395586,Bengaluru,UPI,PAYMENT,0,normal
U163-20240209081500-31904,U163,2024-02-09 08:15:00,714.99,M20080,Groceries,D163_1,19.106109,72.901852,Mumbai,Wallet,TOPUP,0,normal
U176-20240209133005-30370,U176,2024-02-09 13:30:05,532.61,M35419,Restaurants,D176,13.177333,80.364528,Chennai,Credit Card,REFUND,0,normal
U198-20240209143845-54011,U198,2024-02-09 14:38:45,408.19,M24770,Fuel,D198_2,18.552473,73.969884,Pune,Debit Card,REFUND,1,LOCATION_ANOMALY
U042-20240209144739-64196,U042,2024-02-09 14:47:39,3259.89,M04466,Subscriptions,D042_1,12.944789,77.501762,Bengaluru,Debit Card,TOPUP,0,normal
U060-20240209145026-84195,U060,2024-02-09 14:50:26,129.06,M25836,Subscriptions,D060_2,26.900197,75.683421,Jaipur,Wallet,REFUND,0,normal
U115-20240209150045-86343,U115,2024-02-09 15:00:45,1048.53,M58781,Entertainment,D115_1,17.310636,78.567451,Hyderabad,Debit Card,REFUND,0,normal
U129-20240209210327-31843,U129,2024-02-09 21:03:27,230.89,M77731,Electricity,D129_2,26.80168,80.971384,Lucknow,UPI,PAYMENT,0,normal
U105-20240210115801-20221,U105,2024-02-10 11:58:01,1189.91,M57979,Travel,D105,17.24885,78.549054,Hyderabad,Debit Card,PAYMENT,0,normal
U026-20240210180956-83844,U026,2024-02-10 18:09:56,277.53,M34491,Healthcare,D026,13.131047,80.31807,Chennai,Wallet,PAYMENT,0,normal
U033-20240210183603-63485,U033,2024-02-10 18:36:03,221.58,M21401,Fuel,D033_1,19.180697,72.959434,Mumbai,Credit Card,TOPUP,0,normal
U095-20240210223033-37787,U095,2024-02-10 22:30:33,108.86,M56846,Shopping,D095_2,17.392849,78.291791,Hyderabad,UPI,REFUND,0,normal
U149-20240211134007-99363,U149,2024-02-11 13:40:07,745.65,M77438,Shopping,D149_2,26.846616,80.897195,Lucknow,UPI,TOPUP,0,normal
U187-20240211145208-67818,U187,2024-02-11 14:52:08,366.68,M61514,Fuel,D187_1,9.90575,76.245678,Kochi,Debit Card,PAYMENT,0,normal
U142-20240211201458-81452,U142,2024-02-11 20:14:58,9257.2,M03830,Fuel,D142_1,12.849252,77.533769,Bengaluru,Credit Card,REFUND,1,HIGH_AMOUNT
U156-20240211202831-42514,U156,2024-02-11 20:28:31,860.26,M34303,Fuel,D156_3,13.120238,80.31011,Chennai,Wallet,TRANSFER,0,normal
U101-20240211235236-55466,U101,2024-02-11 23:52:36,1421.75,M76416,Fuel,D101_1,12.974252,74.667375,Mangalore,UPI,PAYMENT,1,UNUSUAL_TIME
U156-20240212130744-56847,U156,2024-02-12 13:07:44,1437.77,M34260,Travel,D156_1,13.14176,80.284197,Chennai,Credit Card,TRANSFER,0,normal
U106-20240212151131-97847,U106,2024-02-12 15:11:31,116.51,M32691,Travel,D106_1,13.033047,80.236096,Chennai,UPI,PAYMENT,0,normal
U039-20240213041909-53543,U039,2024-02-13 04:19:09,475.84,M77389,Travel,D039,26.851958,80.886921,Lucknow,UPI,TOPUP,1,UNUSUAL_TIME
U200-20240213105806-89339,U200,2024-02-13 10:58:06,919.48,M27685,Groceries,D200,26.961644,75.806901,Jaipur,UPI,REFUND,0,normal
U030-20240213133618-44038,U030,2024-02-13 13:36:18,577.93,M28768,Fuel,D030_3,26.963382,75.91338,Jaipur,Wallet,REFUND,0,normal
U015-20240213142501-59101,U015,2024-02-13 14:25:01,4175.47,M57052,Travel,D015_1,17.358305,78.346938,Hyderabad,Credit Card,REFUND,0,normal
U158-20240213152036-72947,U158,2024-02-13 15:20:36,1823.31,M25639,Fuel,D158_2,18.593164,73.97071,Pune,Wallet,REFUND,0,normal
U035-20240213211645-59136,U035,2024-02-13 21:16:45,1053.39,M58475,Fuel,D035,17.350042,78.497439,Hyderabad,Wallet,TOPUP,0,normal
U087-20240213225254-38979,U087,2024-02-13 22:52:54,219.21,M61814,Restaurants,D087_1,9.883526,76.297853,Kochi,Debit Card,REFUND,0,normal
U034-20240214123448-12548,U034,2024-02-14 12:34:48,452.91,M58190,Subscriptions,D034_1,28.595948,77.223069,Delhi,Credit Card,TOPUP,0,normal
U069-20240214155243-22116,U069,2024-02-14 15:52:43,2712.01,M76935,Bills,D069_3,26.869725,80.823767,Lucknow,UPI,TRANSFER,0,normal
U124-20240214171058-27798,U124,2024-02-14 17:10:58,178.47,M57204,Shopping,D124,28.649077,77.071369,Delhi,Credit Card,TOPUP,0,normal
U082-20240214180447-39687,U082,2024-02-14 18:04:47,55.09,M05027,Groceries,D082_1,12.96741,77.535256,Bengaluru,Wallet,REFUND,0,normal
U040-20240214205348-77694,U040,2024-02-14 20:53:48,430.21,M28679,Fuel,D040_1,26.969305,75.898578,Jaipur,Credit Card,TRANSFER,0,normal
U073-20240215085021-57585,U073,2024-02-15 08:50:21,425.78,M19746,Fuel,D073_1,19.076342,72.898245,Mumbai,Debit Card,PAYMENT,1,HIGH_VELOCITY
U062-20240215102331-63404,U062,2024-02-15 10:23:31,1249.56,M07234,Electricity,D062_2,13.009968,77.713385,Bengaluru,Credit Card,TRANSFER,0,normal
U070-20240215162358-29625,U070,2024-02-15 16:23:58,520.52,M25880,Bills,D070_1,26.890538,75.697465,Jaipur,Credit Card,TRANSFER,0,normal
U102-20240215163820-83278,U102,2024-02-15 16:38:20,2309.73,M06147,Travel,D102,12.929004,77.685691,Bengaluru,Debit Card,REFUND,0,normal
U016-20240215175120-61148,U016,2024-02-15 17:51:20,441.07,M35074,Groceries,D016,13.190016,80.317382,Chennai,Wallet,TOPUP,1,HIGH_VELOCITY
U171-20240215223910-65543,U171,2024-02-15 22:39:10,804.93,M78191,Subscriptions,D171_1,12.999574,74.819557,Mangalore,Debit Card,PAYMENT,0,normal
U188-20240216090021-78464,U188,2024-02-16 09:00:21,1766.06,M24471,Bills,D188,18.575583,73.871529,Pune,Debit Card,TRANSFER,0,normal
U020-20240216105439-50367,U020,2024-02-16 10:54:39,113.9,M27863,Healthcare,D020_1,26.862366,75.923907,Jaipur,UPI,TRANSFER,0,normal
U009-20240216111210-57923,U009,2024-02-16 11:12:10,235.96,M77115,Shopping,D009_2,26.82378,80.887681,Lucknow,Credit Card,TRANSFER,0,normal
U156-20240216132319-46291,U156,2024-02-16 13:23:19,1452.92,M33835,Bills,D156,13.131597,80.251864,Chennai,Credit Card,TRANSFER,0,normal
U184-20240216152857-61959,U184,2024-02-16 15:28:57,388.79,M57672,Subscriptions,D184_1,28.605148,77.162057,Delhi,Wallet,REFUND,0,normal
U002-20240216174918-14134,U002,2024-02-16 17:49:18,191.64,M05398,Restaurants,D002_1,12.985078,77.554747,Bengaluru,Wallet,PAYMENT,0,normal
U038-20240216184858-21875,U038,2024-02-16 18:48:58,298.5,M22866,Fuel,D038_2,18.417873,73.868684,Pune,UPI,PAYMENT,0,normal
U024-20240216192736-68069,U024,2024-02-16 19:27:36,2416.45,M58294,Entertainment,D024_3,28.531475,77.297896,Delhi,Debit Card,REFUND,0,normal
U200-20240217111853-23953,U200,2024-02-17 11:18:53,749.52,M28554,Electricity,D200_1,27.010491,75.844931,Jaipur,Credit Card,TOPUP,0,normal
U054-20240217131619-23120,U054,2024-02-17 13:16:19,379.17,M57873,Subscriptions,D054_2,28.661578,77.125743,Delhi,Debit Card,PAYMENT,0,normal
U170-20240217185446-25205,U170,2024-02-17 18:54:46,6913.28,M26070,Shopping,D170_2,26.916376,75.690663,Jaipur,UPI,TRANSFER,1,HIGH_VELOCITY
U024-20240217191206-21388,U024,2024-02-17 19:12:06,2161.84,M57651,Subscriptions,D024,28.563243,77.201813,Delhi,Debit Card,REFUND,0,normal
U133-20240217212935-65709,U133,2024-02-17 21:29:35,185.14,M19268,Groceries,D133,19.105059,72.821701,Mumbai,Debit Card,TRANSFER,1,MERCHANT_ANOMALY
U021-20240218132359-88231,U021,2024-02-18 13:23:59,846.77,M77601,Groceries,D021_3,12.860123,74.899952,Mangalore,Debit Card,TOPUP,0,normal
U046-20240218150813-39095,U046,2024-02-18 15:08:13,1423.17,M33960,Restaurants,D046_1,13.077511,80.318531,Chennai,UPI,TRANSFER,0,normal
U056-20240218174850-59047,U056,2024-02-18 17:48:50,242.67,M33016,Education,D056,13.092003,80.209627,Chennai,Credit Card,TRANSFER,0,normal
U178-20240218183356-92848,U178,2024-02-18 18:33:56,2677.07,M25087,Bills,D178,18.599981,73.908736,Pune,Wallet,TOPUP,0,normal
U089-20240218183438-22341,U089,2024-02-18 18:34:38,259.76,M75788,Education,D089_1,26.707538,80.871245,Lucknow,Wallet,TRANSFER,0,normal
U137-20240219013224-69216,U137,2024-02-19 01:32:24,1482.1,M61129,Education,D1137,26.978516,75.863688,Jaipur,UPI,REFUND,1,ACCOUNT_TAKEOVER
U084-20240219132744-97928,U084,2024-02-19 13:27:44,1087.85,M60642,Subscriptions,D084,28.744288,77.31987,Delhi,Wallet,REFUND,0,normal
U002-20240219160117-37540,U002,2024-02-19 16:01:17,324.84,M04963,Taxi,D002,12.969479,77.526825,Bengaluru,UPI,TOPUP,0,normal
U030-20240219163057-56872,U030,2024-02-19 16:30:57,504.09,M28102,Travel,D030_1,26.940623,75.869597,Jaipur,Debit Card,PAYMENT,0,normal
U179-20240219181407-10360,U179,2024-02-19 18:14:07,1902.76,M77978,Bills,D179,26.897454,80.900383,Lucknow,UPI,TRANSFER,0,normal
U078-20240219184727-54718,U078,2024-02-19 18:47:27,257.74,M24710,Subscriptions,D078,18.497886,73.973154,Pune,Wallet,TRANSFER,0,normal
U013-20240219200141-30781,U013,2024-02-19 20:01:41,137.4,M19383,Travel,D013_1,19.120206,72.818058,Mumbai,Credit Card,TOPUP,0,normal
U143-20240219211711-39857,U143,2024-02-19 21:17:11,936.86,M19865,Education,D143,19.093921,72.892601,Mumbai,Debit Card,TRANSFER,0,normal
U103-20240219225514-35601,U103,2024-02-19 22:55:14,1111.33,M19763,Restaurants,D103,19.063811,72.912442,Mumbai,Credit Card,TRANSFER,0,normal
U098-20240220095426-32551,U098,2024-02-20 09:54:26,424.33,M20520,Groceries,D098,18.38761,73.664353,Pune,Debit Card,REFUND,0,normal
U184-20240220141014-75091,U184,2024-02-20 14:10:14,467.47,M57654,Travel,D184_1,28.626772,77.138641,Delhi,Wallet,TOPUP,0,normal
U155-20240220154347-17995,U155,2024-02-20 15:43:47,925.03,M59748,Bills,D155_1,17.488386,78.486431,Hyderabad,Credit Card,REFUND,0,normal
U045-20240221110749-74518,U045,2024-02-21 11:07:49,1464.64,M57978,Education,D045_3,17.282077,78.515732,Hyderabad,Wallet,TOPUP,0,normal
U051-20240221124342-85216,U051,2024-02-21 12:43:42,238.43,M77216,Restaurants,D051_2,12.92513,74.796426,Mangalore,Debit Card,TOPUP,0,normal
U185-20240221154703-64275,U185,2024-02-21 15:47:03,5558.15,M59404,Taxi,D185,17.480789,78.459638,Hyderabad,UPI,REFUND,0,normal
U032-20240221161854-67688,U032,2024-02-21 16:18:54,1201.42,M05416,Restaurants,D032_2,12.924282,77.617367,Bengaluru,Debit Card,TOPUP,1,HIGH_VELOCITY
U055-20240221182458-83281,U055,2024-02-21 18:24:58,507.65,M56375,Bills,D055_1,17.298605,78.338906,Hyderabad,Credit Card,PAYMENT,0,normal
U020-20240221195543-74650,U020,2024-02-21 19:55:43,369.94,M26898,Fuel,D020_2,26.850884,75.83894,Jaipur,Credit Card,REFUND,0,normal
U199-20240222042121-28491,U199,2024-02-22 04:21:21,11506.93,M75494,Restaurants,D1199,26.865761,75.787497,Jaipur,Credit Card,REFUND,1,ACCOUNT_TAKEOVER
U002-20240222094936-93500,U002,2024-02-22 09:49:36,135.41,M05145,Travel,D002,12.930931,77.583598,Bengaluru,Wallet,REFUND,0,normal
U172-20240222145002-89262,U172,2024-02-22 14:50:02,1713.96,M05761,Education,D172_1,12.993016,77.583061,Bengaluru,Debit Card,TOPUP,0,normal
U036-20240222153603-32892,U036,2024-02-22 15:36:03,150.42,M33975,Bills,D036_2,12.97908,80.418463,Chennai,Debit Card,PAYMENT,0,normal
U021-20240222163613-59333,U021,2024-02-22 16:36:13,307.66,M78038,Groceries,D021_1,12.911266,74.892556,Mangalore,UPI,PAYMENT,0,normal
U152-20240222195037-76524,U152,2024-02-22 19:50:37,1514.47,M03661,Healthcare,D152_2,12.860414,77.505662,Bengaluru,Wallet,REFUND,0,normal
U024-20240222200019-98973,U024,2024-02-22 20:00:19,2474.5,M58211,Entertainment,D024_3,28.563522,77.257605,Delhi,Debit Card,REFUND,0,normal
U015-20240222202802-13185,U015,2024-02-22 20:28:02,4214.18,M57928,Entertainment,D015,17.386858,78.405977,Hyderabad,UPI,PAYMENT,0,normal
U032-20240222204627-71285,U032,2024-02-22 20:46:27,219.22,M06009,Groceries,D032_1,13.00774,77.59312,Bengaluru,UPI,REFUND,0,normal
U003-20240222225013-81850,U003,2024-02-22 22:50:13,276.81,M20601,Electricity,D003_2,19.128739,72.93134,Mumbai,Debit Card,TOPUP,0,normal
U019-20240223105038-74840,U019,2024-02-23 10:50:38,538.76,M78207,Entertainment,D019,26.860783,80.959947,Lucknow,UPI,TOPUP,0,normal
U192-20240223133159-61671,U192,2024-02-23 13:31:59,1392.98,M06269,Shopping,D192_2,13.004351,77.62252,Bengaluru,Credit Card,TRANSFER,0,normal
U004-20240223135603-30190,U004,2024-02-23 13:56:03,1569.77,M59203,Restaurants,D004_1,28.610995,77.309301,Delhi,Credit Card,TRANSFER,0,normal
U092-20240223143607-36545,U092,2024-02-23 14:36:07,179.1,M05019,Taxi,D092,12.945366,77.556564,Bengaluru,Wallet,TOPUP,0,normal
U199-20240223152527-96478,U199,2024-02-23 15:25:27,164.51,M76442,Taxi,D199,26.78963,80.854567,Lucknow,Debit Card,TRANSFER,0,normal
U126-20240223200912-96599,U126,2024-02-23 20:09:12,141.58,M35256,Travel,D126_3,13.101539,80.424085,Chennai,UPI,REFUND,0,normal
U035-20240223201427-48255,U035,2024-02-23 20:14:27,1209.7,M57618,Entertainment,D035,17.332744,78.429037,Hyderabad,Debit Card,REFUND,0,normal
U101-20240223212540-45273,U101,2024-02-23 21:25:40,806.84,M77007,Travel,D101_2,12.978515,74.722224,Mangalore,UPI,TOPUP,0,normal
U025-20240224100518-45813,U025,2024-02-24 10:05:18,1425.39,M58442,Healthcare,D025_1,17.329797,78.514399,Hyderabad,Debit Card,REFUND,0,normal
U045-20240224112429-35870,U045,2024-02-24 11:24:29,1232.27,M58594,Groceries,D045_3,17.325469,78.533903,Hyderabad,Debit Card,REFUND,0,normal
U106-20240224123149-33293,U106,2024-02-24 12:31:49,261.84,M33332,Education,D106_1,13.031096,80.302055,Chennai,Credit Card,TRANSFER,0,normal
U056-20240224160822-48857,U056,2024-02-24 16:08:22,453.95,M32832,Fuel,D056_2,13.115624,80.16762,Chennai,Debit Card,TOPUP,0,normal
U116-20240224164006-50259,U116,2024-02-24 16:40:06,471.22,M35986,Groceries,D116_1,13.20217,80.396444,Chennai,Wallet,PAYMENT,0,normal
U092-20240224194703-35553,U092,2024-02-24 19:47:03,696.1,M05518,Taxi,D092_2,12.985051,77.56671,Bengaluru,Wallet,REFUND,1,HIGH_VELOCITY
U088-20240225013649-67413,U088,2024-02-25 01:36:49,5070.5,M23638,Travel,D1088,13.201735,80.318331,Chennai,UPI,TOPUP,1,ACCOUNT_TAKEOVER
U146-20240225102221-44512,U146,2024-02-25 10:22:21,41.36,M33889,Education,D146_1,13.074022,80.314838,Chennai,Credit Card,TRANSFER,0,normal
U102-20240225131059-82764,U102,2024-02-25 13:10:59,1519.98,M06793,Electricity,D102,12.970282,77.709054,Bengaluru,Wallet,TOPUP,0,normal
U058-20240225171523-15006,U058,2024-02-25 17:15:23,699.08,M25330,Entertainment,D058,18.556624,73.976415,Pune,UPI,PAYMENT,0,normal
U137-20240225171729-73798,U137,2024-02-25 17:17:29,647.74,M62049,Fuel,D137_2,9.975827,76.229035,Kochi,Debit Card,TOPUP,0,normal
U089-20240225190728-55633,U089,2024-02-25 19:07:28,1155.69,M75558,Groceries,D089_1,26.667076,80.888723,Lucknow,UPI,TRANSFER,0,normal
U004-20240226112246-94358,U004,2024-02-26 11:22:46,1710.74,M58479,Taxi,D004,28.673876,77.174063,Delhi,Debit Card,PAYMENT,0,normal
U156-20240226142633-50578,U156,2024-02-26 14:26:33,954.44,M33585,Taxi,D156_3,13.086131,80.272334,Chennai,Credit Card,TOPUP,0,normal
U112-20240226183712-27956,U112,2024-02-26 18:37:12,1148.84,M05552,Entertainment,D112_1,12.892412,77.662821,Bengaluru,Credit Card,PAYMENT,0,normal
U128-20240227152940-60102,U128,2024-02-27 15:29:40,230.17,M23576,Groceries,D128_1,18.507535,73.850093,Pune,UPI,REFUND,0,normal
U102-20240227160756-74521,U102,2024-02-27 16:07:56,1612.28,M05760,Fuel,D102_2,12.950569,77.625467,Bengaluru,UPI,REFUND,0,normal
U044-20240227172648-22181,U044,2024-02-27 17:26:48,302.97,M57566,Groceries,D044,28.541923,77.214727,Delhi,UPI,TRANSFER,0,normal
U038-20240227174540-65951,U038,2024-02-27 17:45:40,138.28,M23861,Entertainment,D038,18.48027,73.905839,Pune,UPI,TRANSFER,0,normal
U038-20240227183149-18576,U038,2024-02-27 18:31:49,158.05,M23537,Education,D038_1,18.439536,73.914181,Pune,Debit Card,TRANSFER,0,normal
U026-20240227192721-40263,U026,2024-02-27 19:27:21,2037.43,M34768,Taxi,D026_1,13.10542,80.371345,Chennai,Wallet,REFUND,0,normal
U013-20240227221724-62499,U013,2024-02-27 22:17:24,283.7,M19831,Travel,D013,19.161654,72.821414,Mumbai,Wallet,PAYMENT,1,HIGH_VELOCITY
U027-20240228102943-77970,U027,2024-02-28 10:29:43,493.31,M61373,Healthcare,D027_2,9.910438,76.226876,Kochi,Credit Card,TRANSFER,0,normal
U021-20240228113238-30930,U021,2024-02-28 11:32:38,90.13,M77853,Fuel,D021_3,12.899658,74.885655,Mangalore,UPI,TRANSFER,0,normal
U183-20240228113434-44335,U183,2024-02-28 11:34:34,821.24,M20792,Subscriptions,D183,19.15516,72.924089,Mumbai,Wallet,TOPUP,0,normal
U124-20240228133917-33338,U124,2024-02-28 13:39:17,1266.27,M57364,Travel,D124_1,28.624646,77.111793,Delhi,Debit Card,REFUND,0,normal
U148-20240228134858-96429,U148,2024-02-28 13:48:58,984.2,M23782,Restaurants,D148,18.544912,73.833321,Pune,Debit Card,PAYMENT,0,normal
U097-20240228141531-77575,U097,2024-02-28 14:15:31,199.78,M61409,Bills,D097,9.811067,76.329839,Kochi,Debit Card,PAYMENT,0,normal
U001-20240228141642-39335,U001,2024-02-28 14:16:42,761.86,M77848,Taxi,D001,12.920972,74.863853,Mangalore,UPI,TOPUP,0,normal
U100-20240228174114-99093,U100,2024-02-28 17:41:14,408.1,M26146,Bills,D100_1,26.915064,75.699517,Jaipur,Credit Card,REFUND,0,normal
U076-20240228191112-19966,U076,2024-02-28 19:11:12,451.24,M33385,Shopping,D076,13.124374,80.214078,Chennai,Wallet,REFUND,0,normal
U150-20240228203921-71134,U150,2024-02-28 20:39:21,1255.13,M27706,Electricity,D150_3,26.900901,75.869746,Jaipur,Debit Card,PAYMENT,0,normal
U112-20240229114059-25505,U112,2024-02-29 11:40:59,798.64,M04872,Shopping,D112_1,12.88284,77.6044,Bengaluru,Wallet,TOPUP,0,normal
U107-20240229130138-76594,U107,2024-02-29 13:01:38,498.82,M61798,Groceries,D107_1,9.897854,76.281979,Kochi,Credit Card,REFUND,0,normal
U199-20240229141448-19534,U199,2024-02-29 14:14:48,249.94,M74944,Healthcare,D199_1,26.772231,80.722119,Lucknow,Wallet,TOPUP,0,normal
U005-20240229160210-31470,U005,2024-02-29 16:02:10,1494.96,M58888,Restaurants,D005_2,17.399265,78.48953,Hyderabad,Debit Card,TOPUP,0,normal
U192-20240229201721-14707,U192,2024-02-29 20:17:21,2215.79,M06497,Travel,D192_1,13.035984,77.613748,Bengaluru,UPI,PAYMENT,0,normal
U023-20240229203635-41435,U023,2024-02-29 20:36:35,1128.25,M21166,Education,D023_2,19.148709,72.967886,Mumbai,Debit Card,TRANSFER,1,HIGH_VELOCITY
U200-20240229204013-58530,U200,2024-02-29 20:40:13,845.08,M28050,Electricity,D200_2,26.958879,75.846151,Jaipur,UPI,PAYMENT,0,normal
U086-20240301030142-79716,U086,2024-03-01 03:01:42,212.99,M32932,Entertainment,D086_2,12.980188,80.312991,Chennai,Credit Card,REFUND,1,UNUSUAL_TIME
U103-20240301152012-19769,U103,2024-03-01 15:20:12,607.77,M20533,Entertainment,D103_1,19.09592,72.957394,Mumbai,Wallet,PAYMENT,0,normal
U170-20240301162652-79922,U170,2024-03-01 16:26:52,1609.5,M26238,Groceries,D170_2,26.894025,75.729734,Jaipur,Wallet,REFUND,0,normal
U041-20240301163423-29440,U041,2024-03-01 16:34:23,493.59,M77899,Fuel,D041_1,12.901747,74.888199,Mangalore,Wallet,TOPUP,0,normal
U186-20240301174846-59886,U186,2024-03-01 17:48:46,512.34,M35594,Healthcare,D186_2,13.111943,80.447502,Chennai,Credit Card,TRANSFER,0,normal
U096-20240301191811-29461,U096,2024-03-01 19:18:11,120.55,M32349,Electricity,D096_1,13.040679,80.194192,Chennai,Credit Card,TOPUP,0,normal
U001-20240301192108-95765,U001,2024-03-01 19:21:08,1137.81,M76830,Bills,D001,12.815745,74.867281,Mangalore,Wallet,PAYMENT,0,normal
U179-20240301215208-81912,U179,2024-03-01 21:52:08,708.68,M79307,Taxi,D179_2,26.955078,80.97566,Lucknow,Debit Card,PAYMENT,0,normal
U164-20240302050556-97374,U164,2024-03-02 05:05:56,311.82,M58556,Entertainment,D164_2,28.55979,77.295792,Delhi,Wallet,REFUND,1,UNUSUAL_TIME
U170-20240302121857-62751,U170,2024-03-02 12:18:57,4463.34,M24944,Subscriptions,D170_1,26.861386,75.633052,Jaipur,Wallet,TRANSFER,0,normal
U130-20240302162507-18577,U130,2024-03-02 16:25:07,1536.39,M25329,Bills,D130_1,26.943914,75.588989,Jaipur,Wallet,REFUND,0,normal
U036-20240302172544-14035,U036,2024-03-02 17:25:44,972.92,M34249,Fuel,D036_1,12.996306,80.428639,Chennai,Wallet,TRANSFER,0,normal
U042-20240303002633-51337,U042,2024-03-03 00:26:33,1571.37,M02981,Taxi,D042_3,12.872757,77.425347,Bengaluru,UPI,TRANSFER,1,UNUSUAL_TIME
U031-20240303062005-78718,U031,2024-03-03 06:20:05,5381.57,M75773,Electricity,D1031,9.990507,76.19301,Kochi,Wallet,TRANSFER,1,ACCOUNT_TAKEOVER
U174-20240303142212-12958,U174,2024-03-03 14:22:12,461.57,M56392,Restaurants,D174_1,28.592969,77.046219,Delhi,Credit Card,TOPUP,0,normal
U173-20240303164507-30600,U173,2024-03-03 16:45:07,536.64,M19487,Shopping,D173,19.061355,72.887379,Mumbai,Credit Card,PAYMENT,0,normal
U195-20240303171727-58325,U195,2024-03-03 17:17:27,7123.48,M59824,Entertainment,D195,17.574056,78.408376,Hyderabad,Debit Card,TOPUP,0,normal
U098-20240303175932-67484,U098,2024-03-03 17:59:32,826.53,M20605,Subscriptions,D098,18.410286,73.650185,Pune,Credit Card,TOPUP,0,normal
U098-20240304103652-73305,U098,2024-03-04 10:36:52,434.8,M20732,Entertainment,D098,18.423708,73.64945,Pune,UPI,REFUND,0,normal
U091-20240304104144-43511,U091,2024-03-04 10:41:44,602.77,M77860,Restaurants,D091,12.8851,74.900925,Mangalore,Credit Card,PAYMENT,0,normal
U093-20240304105148-62193,U093,2024-03-04 10:51:48,1694.93,M19540,Bills,D093_2,19.092644,72.861357,Mumbai,Wallet,TRANSFER,0,normal
U169-20240304124955-77029,U169,2024-03-04 12:49:55,2748.56,M77526,Restaurants,D169,26.814857,80.937696,Lucknow,Wallet,REFUND,0,normal
U140-20240304144253-93072,U140,2024-03-04 14:42:53,356.35,M26985,Subscriptions,D140_1,26.887705,75.810845,Jaipur,Credit Card,TRANSFER,0,normal
U017-20240304165410-88184,U017,2024-03-04 16:54:10,707.27,M63828,Taxi,D017_2,9.961333,76.421512,Kochi,UPI,REFUND,0,normal
U101-20240304185654-43932,U101,2024-03-04 18:56:54,927.49,M77324,Electricity,D101_2,12.924596,74.807819,Mangalore,UPI,PAYMENT,0,normal
U119-20240304194317-99950,U119,2024-03-04 19:43:17,1323.78,M79186,Taxi,D119_1,26.806007,81.112597,Lucknow,Wallet,TRANSFER,0,normal
U161-20240304195851-50314,U161,2024-03-04 19:58:51,413.8,M78859,Subscriptions,D161_2,12.914283,74.971628,Mangalore,Wallet,TRANSFER,0,normal
U037-20240305121656-59507,U037,2024-03-05 12:16:56,793.4,M61395,Restaurants,D037_1,9.982482,76.15697,Kochi,UPI,TRANSFER,0,normal
U073-20240305180434-36010,U073,2024-03-05 18:04:34,452.12,M20058,Taxi,D073,19.078404,72.927367,Mumbai,Debit Card,REFUND,0,normal
U144-20240305183716-56171,U144,2024-03-05 18:37:16,2631.15,M60336,Fuel,D144_1,28.650659,77.382976,Delhi,Debit Card,TOPUP,0,normal
U054-20240306051856-29126,U054,2024-03-06 05:18:56,177.49,M57475,Electricity,D054_1,28.660761,77.086715,Delhi,Wallet,TOPUP,1,UNUSUAL_TIME
U181-20240306094401-54323,U181,2024-03-06 09:44:01,1103.49,M77465,Education,D181,12.915043,74.831437,Mangalore,Debit Card,TOPUP,1,MERCHANT_ANOMALY
U030-20240306143421-68669,U030,2024-03-06 14:34:21,716.02,M28242,Education,D030_3,26.93895,75.885203,Jaipur,Wallet,TOPUP,0,normal
U038-20240306171518-36086,U038,2024-03-06 17:15:18,226.87,M23126,Entertainment,D038_1,18.419934,73.892668,Pune,UPI,TRANSFER,0,normal
U196-20240306174349-69538,U196,2024-03-06 17:43:49,82.51,M34348,Travel,D196,13.195724,80.239101,Chennai,Wallet,TRANSFER,0,normal
U168-20240306174630-91701,U168,2024-03-06 17:46:30,318.34,M24473,Electricity,D168_1,18.50953,73.937743,Pune,Wallet,REFUND,0,normal
U059-20240306180114-60859,U059,2024-03-06 18:01:14,1145.51,M75532,Fuel,D059_1,26.87141,80.681833,Lucknow,Credit Card,PAYMENT,0,normal
U150-20240306205310-22022,U150,2024-03-06 20:53:10,1419.32,M26350,Fuel,D150_3,26.847608,75.787404,Jaipur,Wallet,TOPUP,0,normal
U089-20240307133147-80419,U089,2024-03-07 13:31:47,1202.74,M75934,Restaurants,D089,26.707136,80.88631,Lucknow,Wallet,PAYMENT,0,normal
U035-20240307134329-20726,U035,2024-03-07 13:43:29,1099.68,M58151,Taxi,D035_2,17.3127,78.502418,Hyderabad,UPI,TOPUP,0,normal
U003-20240307171438-16584,U003,2024-03-07 17:14:38,451.99,M21047,Restaurants,D003,19.119792,72.984955,Mumbai,Credit Card,TRANSFER,0,normal
U078-20240307171658-75615,U078,2024-03-07 17:16:58,338.67,M25057,Shopping,D078,18.481341,74.024324,Pune,Debit Card,REFUND,0,normal
U188-20240307190101-77618,U188,2024-03-07 19:01:01,1445.37,M24454,Entertainment,D188_1,18.581181,73.864223,Pune,Wallet,TOPUP,0,normal
U188-20240308120109-70437,U188,2024-03-08 12:01:09,1317.24,M23576,Healthcare,D188_2,18.577794,73.779763,Pune,Credit Card,TRANSFER,0,normal
U026-20240308122756-57874,U026,2024-03-08 12:27:56,1439.09,M35117,Fuel,D026,13.157305,80.354366,Chennai,Wallet,TRANSFER,0,normal
U007-20240308134304-65219,U007,2024-03-08 13:43:04,314.7,M61126,Groceries,D007_1,9.928487,76.184146,Kochi,Credit Card,TOPUP,0,normal
U121-20240308153305-95409,U121,2024-03-08 15:33:05,163.69,M77733,Electricity,D121_1,12.97488,74.798457,Mangalore,Debit Card,PAYMENT,0,normal
U066-20240308161721-41158,U066,2024-03-08 16:17:21,886.13,M34251,Entertainment,D066_2,13.138687,80.286363,Chennai,Credit Card,PAYMENT,0,normal
U069-20240308162618-15796,U069,2024-03-08 16:26:18,2353.04,M76894,Taxi,D069_3,26.896416,80.792952,Lucknow,Wallet,TRANSFER,0,normal
U197-20240308163856-10915,U197,2024-03-08 16:38:56,797.25,M59588,Healthcare,D197_1,9.834226,76.124581,Kochi,UPI,PAYMENT,0,normal
U189-20240309103107-33472,U189,2024-03-09 10:31:07,461.74,M76613,Healthcare,D189_3,26.813971,80.847324,Lucknow,UPI,REFUND,0,normal
U137-20240309124850-58392,U137,2024-03-09 12:48:50,870.86,M61649,Fuel,D137,9.936729,76.228182,Kochi,Credit Card,PAYMENT,0,normal
U046-20240309130939-40702,U046,2024-03-09 13:09:39,1141.53,M34263,Shopping,D1046,13.067702,80.358557,Chennai,Credit Card,TOPUP,1,NEW_DEVICE
U003-20240309162037-96591,U003,2024-03-09 16:20:37,254.6,M20411,Shopping,D003_2,19.123101,72.918,Mumbai,Debit Card,REFUND,0,normal
U034-20240309173451-32609,U034,2024-03-09 17:34:51,481.46,M57304,Subscriptions,D034_1,28.573236,77.157187,Delhi,UPI,TRANSFER,0,normal
U081-20240309213733-70018,U081,2024-03-09 21:37:33,485.81,M78737,Taxi,D081_1,12.871199,75.002486,Mangalore,Debit Card,TRANSFER,0,normal
U069-20240310175553-14484,U069,2024-03-10 17:55:53,2262.18,M76817,Fuel,D069_1,26.820574,80.861165,Lucknow,UPI,REFUND,0,normal
U116-20240310193343-69090,U116,2024-03-10 19:33:43,1997.18,M34946,Healthcare,D116_2,13.15282,80.341782,Chennai,Wallet,PAYMENT,0,normal
U152-20240311053913-81604,U152,2024-03-11 05:39:13,16052.25,M04683,Healthcare,D1152,26.873178,75.785463,Jaipur,UPI,REFUND,1,ACCOUNT_TAKEOVER
U002-20240311092752-94376,U002,2024-03-11 09:27:52,361.33,M04790,Education,D002_1,12.942395,77.53657,Bengaluru,Wallet,TRANSFER,0,normal
U152-20240311093833-86379,U152,2024-03-11 09:38:33,1946.19,M05382,Electricity,D152,12.902708,77.635446,Bengaluru,Wallet,TRANSFER,0,normal
U142-20240311123147-40472,U142,2024-03-11 12:31:47,1679.45,M03802,Fuel,D142,12.799832,77.580351,Bengaluru,Wallet,TOPUP,0,normal
U054-20240311160731-20195,U054,2024-03-11 16:07:31,470.77,M58065,Restaurants,D054,28.701845,77.104678,Delhi,UPI,REFUND,0,normal
U189-20240311163315-19268,U189,2024-03-11 16:33:15,272.43,M77714,Groceries,D189_1,26.866443,80.904968,Lucknow,Debit Card,PAYMENT,0,normal
U182-20240311193111-84486,U182,2024-03-11 19:31:11,1274.96,M07339,Travel,D182,12.982961,77.750953,Bengaluru,Credit Card,TOPUP,0,normal
U192-20240311205042-73271,U192,2024-03-11 20:50:42,1403.74,M04805,Bills,D192_2,12.97444,77.506095,Bengaluru,Wallet,TOPUP,0,normal
U152-20240312104332-30119,U152,2024-03-12 10:43:32,1707.97,M05202,Groceries,D152,12.957173,77.563033,Bengaluru,Debit Card,TOPUP,0,normal
U188-20240312113427-14014,U188,2024-03-12 11:34:27,843.64,M25056,Electricity,D188_2,18.576913,73.928729,Pune,UPI,TRANSFER,0,normal
U009-20240312113758-89324,U009,2024-03-12 11:37:58,555.41,M77352,Education,D009,26.825535,80.909689,Lucknow,UPI,TRANSFER,0,normal
U016-20240312140000-33268,U016,2024-03-12 14:00:00,288.2,M33848,Subscriptions,D016_1,13.133026,80.251787,Chennai,UPI,PAYMENT,0,normal
U163-20240312211159-11222,U163,2024-03-12 21:11:59,232.95,M19320,Education,D163_1,19.09264,72.839345,Mumbai,Debit Card,TRANSFER,0,normal
U098-20240313090010-50283,U098,2024-03-13 09:00:10,91.45,M20537,Restaurants,D098,18.43645,73.617287,Pune,UPI,TRANSFER,0,normal
U074-20240313100720-51539,U074,2024-03-13 10:07:20,20.0,M60280,Healthcare,D074,28.699144,77.32887,Delhi,Wallet,TOPUP,0,normal
U060-20240313141311-27272,U060,2024-03-13 14:13:11,118.85,M25223,Taxi,D060_3,26.869342,75.652986,Jaipur,Debit Card,TOPUP,0,normal
U151-20240313143358-85918,U151,2024-03-13 14:33:58,156.85,M78294,Fuel,D151,12.913743,74.915692,Mangalore,Debit Card,TOPUP,0,normal
U078-20240313185437-82339,U078,2024-03-13 18:54:37,208.31,M25438,Groceries,D078,18.511053,74.032772,Pune,UPI,TOPUP,0,normal
U180-20240313202642-18077,U180,2024-03-13 20:26:42,20.0,M24720,Healthcare,D180_3,26.859781,75.612264,Jaipur,Debit Card,PAYMENT,0,normal
U067-20240313205422-31891,U067,2024-03-13 20:54:22,12809.83,M62398,Healthcare,D067,9.869254,76.370551,Kochi,Credit Card,PAYMENT,1,HIGH_AMOUNT
U182-20240314093933-24817,U182,2024-03-14 09:39:33,1003.43,M06602,Fuel,D182_1,12.942825,77.717411,Bengaluru,Wallet,REFUND,0,normal
U057-20240314102840-75168,U057,2024-03-14 10:28:40,964.39,M63383,Education,D057_1,9.966016,76.372329,Kochi,Debit Card,TOPUP,0,normal
U200-20240314111454-65691,U200,2024-03-14 11:14:54,1062.34,M27764,Entertainment,D200,26.965625,75.810791,Jaipur,Debit Card,TRANSFER,0,normal
U073-20240314114228-80607,U073,2024-03-14 11:42:28,439.72,M19057,Taxi,D073_1,19.010796,72.89492,Mumbai,Wallet,TRANSFER,0,normal
U189-20240314125254-65653,U189,2024-03-14 12:52:54,255.14,M76886,Bills,D189_2,26.825702,80.862858,Lucknow,Credit Card,TRANSFER,0,normal
U025-20240314140223-46712,U025,2024-03-14 14:02:23,1611.47,M58859,Electricity,D025,17.401405,78.484544,Hyderabad,Wallet,PAYMENT,0,normal
U189-20240314153154-90593,U189,2024-03-14 15:31:54,218.1,M77162,Travel,D189_2,26.828658,80.887563,Lucknow,Debit Card,TOPUP,0,normal
U090-20240314170449-85920,U090,2024-03-14 17:04:49,1547.07,M28109,Healthcare,D090_1,26.903291,75.907603,Jaipur,Debit Card,TRANSFER,0,normal
U050-20240314175322-77785,U050,2024-03-14 17:53:22,475.0,M26599,Shopping,D050,26.913558,75.746387,Jaipur,Credit Card,PAYMENT,0,normal
U068-20240314201154-84222,U068,2024-03-14 20:11:54,592.41,M24476,Healthcare,D068_2,18.485596,73.962017,Pune,Credit Card,REFUND,0,normal
U103-20240315131339-81317,U103,2024-03-15 13:13:39,1141.21,M19359,Taxi,D103,19.084133,72.851748,Mumbai,Wallet,TRANSFER,0,normal
U010-20240315152821-13165,U010,2024-03-15 15:28:21,161.29,M26102,Taxi,D010,26.841687,75.768523,Jaipur,Wallet,TOPUP,0,normal
U048-20240315184031-56986,U048,2024-03-15 18:40:31,1934.85,M24791,Shopping,D048_1,18.449645,74.029416,Pune,Wallet,REFUND,0,normal
U159-20240315200417-72110,U159,2024-03-15 20:04:17,2892.52,M77716,Bills,D159,26.85432,80.917299,Lucknow,UPI,TRANSFER,0,normal
U062-20240315202224-73235,U062,2024-03-15 20:22:24,1109.02,M06873,Taxi,D062_2,13.0366,77.650694,Bengaluru,Wallet,REFUND,0,normal
U101-20240315203339-22550,U101,2024-03-15 20:33:39,7899.3,M77188,Fuel,D101,12.998005,74.720801,Mangalore,UPI,PAYMENT,1,HIGH_AMOUNT
U176-20240315204744-60900,U176,2024-03-15 20:47:44,338.05,M34121,Bills,D176_1,13.065876,80.346255,Chennai,Credit Card,TOPUP,0,normal
U159-20240316101735-21043,U159,2024-03-16 10:17:35,3235.26,M78461,Groceries,D159,26.8482,80.997859,Lucknow,UPI,REFUND,0,normal
U153-20240316145041-64663,U153,2024-03-16 14:50:41,411.55,M19074,Electricity,D153_1,19.139902,72.767487,Mumbai,Debit Card,REFUND,0,normal
U146-20240316172901-33415,U146,2024-03-16 17:29:01,251.43,M33311,Bills,D146,13.024201,80.30692,Chennai,Credit Card,TOPUP,0,normal
U153-20240316183306-95454,U153,2024-03-16 18:33:06,623.61,M19576,Travel,D153_1,19.144024,72.813558,Mumbai,Wallet,TRANSFER,0,normal
U034-20240316191835-15296,U034,2024-03-16 19:18:35,501.69,M57805,Taxi,D034_1,28.613058,77.167486,Delhi,UPI,TRANSFER,0,normal
U035-20240317150701-87787,U035,2024-03-17 15:07:01,63.77,M57476,Healthcare,D035_2,17.315263,78.432293,Hyderabad,Debit Card,PAYMENT,0,normal
U168-20240317183735-70067,U168,2024-03-17 18:37:35,522.9,M23099,Fuel,D168_3,18.4616,73.848261,Pune,UPI,TOPUP,0,normal
U126-20240317201425-15782,U126,2024-03-17 20:14:25,20.0,M35919,Electricity,D126_3,13.151714,80.440159,Chennai,Credit Card,PAYMENT,0,normal
U121-20240318132230-70375,U121,2024-03-18 13:22:30,141.01,M76821,Shopping,D121,12.890729,74.791383,Mangalore,Wallet,REFUND,0,normal
U178-20240318133945-88915,U178,2024-03-18 13:39:45,2525.11,M25710,Taxi,D178,18.623755,73.947264,Pune,Wallet,REFUND,0,normal
U160-20240318134749-45725,U160,2024-03-18 13:47:49,372.83,M29138,Education,D160,26.885059,76.028757,Jaipur,Wallet,REFUND,0,normal
U178-20240318160304-58253,U178,2024-03-18 16:03:04,2390.79,M24467,Electricity,D178_1,18.547789,73.898911,Pune,Debit Card,TRANSFER,0,normal
U024-20240318171621-78052,U024,2024-03-18 17:16:21,1335.69,M58033,Subscriptions,D024,28.58139,77.221905,Delhi,Credit Card,TRANSFER,0,normal
U054-20240318174826-26374,U054,2024-03-18 17:48:26,819.54,M57119,Taxi,D054_1,28.64089,77.070968,Delhi,Debit Card,TOPUP,0,normal
U169-20240318215606-11640,U169,2024-03-18 21:56:06,2587.51,M77877,Restaurants,D169_1,26.836359,80.951371,Lucknow,Debit Card,TRANSFER,0,normal
U065-20240319033748-81761,U065,2024-03-19 03:37:48,871.59,M58334,Subscriptions,D065,17.344409,78.489034,Hyderabad,UPI,TRANSFER,1,UNUSUAL_TIME
U032-20240319113237-33609,U032,2024-03-19 11:32:37,791.09,M05361,Restaurants,D032_2,12.956008,77.580047,Bengaluru,Wallet,PAYMENT,0,normal
U151-20240319114937-10062,U151,2024-03-19 11:49:37,509.18,M77864,Electricity,D151,12.883186,74.903202,Mangalore,Debit Card,TOPUP,0,normal
U141-20240319160622-56017,U141,2024-03-19 16:06:22,236.77,M80551,Bills,D141_1,12.954475,75.100608,Mangalore,Wallet,PAYMENT,0,normal
U139-20240319161132-45271,U139,2024-03-19 16:11:32,176.53,M77453,Taxi,D139_1,26.702041,81.043223,Lucknow,Credit Card,TRANSFER,0,normal
U086-20240319193205-79920,U086,2024-03-19 19:32:05,166.27,M34070,Education,D086_1,13.102526,80.304432,Chennai,Wallet,PAYMENT,0,normal
U128-20240319201705-20885,U128,2024-03-19 20:17:05,315.0,M23631,Restaurants,D128_2,18.500735,73.862363,Pune,Wallet,REFUND,0,normal
U080-20240320112655-49443,U080,2024-03-20 11:26:55,2161.0,M27023,Electricity,D080_1,26.974434,75.727822,Jaipur,Credit Card,TOPUP,1,HIGH_AMOUNT
U047-20240320120833-36182,U047,2024-03-20 12:08:33,2613.68,M63218,Subscriptions,D047_1,9.853359,76.468463,Kochi,Wallet,TOPUP,0,normal
U020-20240320140934-19598,U020,2024-03-20 14:09:34,234.81,M28198,Fuel,D020,26.936508,75.883269,Jaipur,Debit Card,TOPUP,0,normal
U061-20240320144310-74025,U061,2024-03-20 14:43:10,443.88,M76926,Restaurants,D061_1,12.81529,74.877325,Mangalore,UPI,PAYMENT,0,normal
U077-20240320154137-72972,U077,2024-03-20 15:41:37,263.62,M62692,Groceries,D077_1,9.851218,76.417978,Kochi,UPI,TRANSFER,0,normal
U045-20240320193059-98263,U045,2024-03-20 19:30:59,1263.2,M58500,Bills,D045_2,17.341937,78.508019,Hyderabad,Debit Card,TOPUP,0,normal
U121-20240321013150-27408,U121,2024-03-21 01:31:50,1910.12,M76756,Travel,D1121,12.875983,74.810342,Mangalore,Credit Card,TRANSFER,1,ACCOUNT_TAKEOVER
U045-20240321062115-32509,U045,2024-03-21 06:21:15,3875.78,M57865,Taxi,D1045,26.781581,80.930436,Lucknow,Credit Card,TOPUP,1,ACCOUNT_TAKEOVER
U157-20240321085825-17998,U157,2024-03-21 08:58:25,444.24,M62402,Bills,D157_1,9.98148,76.258761,Kochi,Credit Card,TRANSFER,0,normal
U062-20240321093558-18997,U062,2024-03-21 09:35:58,1415.38,M06711,Shopping,D062_1,13.0468,77.624291,Bengaluru,Credit Card,PAYMENT,0,normal
U167-20240321140907-58196,U167,2024-03-21 14:09:07,2026.03,M62762,Electricity,D167_1,9.982386,76.293838,Kochi,Debit Card,PAYMENT,0,normal
U141-20240321154357-68145,U141,2024-03-21 15:43:57,241.52,M80145,Fuel,D141_2,12.990444,75.024041,Mangalore,Wallet,TOPUP,0,normal
U146-20240321171018-50227,U146,2024-03-21 17:10:18,52.49,M33736,Healthcare,D146_1,13.056417,80.317146,Chennai,Credit Card,PAYMENT,0,normal
U174-20240321180911-28243,U174,2024-03-21 18:09:11,245.31,M56703,Restaurants,D174,28.568815,77.101455,Delhi,Debit Card,TRANSFER,0,normal
U108-20240321200457-82985,U108,2024-03-21 20:04:57,155.12,M22717,Travel,D108_3,18.537695,73.733984,Pune,Credit Card,TRANSFER,0,normal
U144-20240321204510-91070,U144,2024-03-21 20:45:10,2028.71,M61008,Restaurants,D144_1,28.634577,77.466219,Delhi,Wallet,TRANSFER,0,normal
U164-20240322115800-70257,U164,2024-03-22 11:58:00,1089.84,M57434,Fuel,D164,28.602782,77.140634,Delhi,Credit Card,PAYMENT,0,normal
U183-20240322122028-48822,U183,2024-03-22 12:20:28,159.17,M20217,Bills,D1183,19.0711,72.950622,Mumbai,Debit Card,TOPUP,1,NEW_DEVICE
U024-20240322172830-34413,U024,2024-03-22 17:28:30,2340.06,M58622,Healthcare,D024_2,28.588155,77.274047,Delhi,Debit Card,PAYMENT,0,normal
U192-20240322184029-91146,U192,2024-03-22 18:40:29,175.79,M06104,Electricity,D192,13.006415,77.604025,Bengaluru,Debit Card,REFUND,0,normal
U051-20240323134400-90366,U051,2024-03-23 13:44:00,991.33,M76631,Restaurants,D051_3,12.894216,74.768877,Mangalore,Wallet,TOPUP,0,normal
U067-20240323164903-25168,U067,2024-03-23 16:49:03,789.78,M62825,Electricity,D067,9.968531,76.313946,Kochi,UPI,REFUND,0,normal
U163-20240323172125-54579,U163,2024-03-23 17:21:25,600.9,M19147,Bills,D163,19.118321,72.796332,Mumbai,UPI,TOPUP,0,normal
U011-20240323180359-79975,U011,2024-03-23 18:03:59,3494.69,M77200,Electricity,D011_1,12.914748,74.805276,Mangalore,Credit Card,TRANSFER,0,normal
U090-20240323184819-77017,U090,2024-03-23 18:48:19,1828.64,M27714,Travel,D090,26.879535,75.891871,Jaipur,Debit Card,TOPUP,0,normal
U152-20240323185041-77739,U152,2024-03-23 18:50:41,1755.14,M04458,Subscriptions,D152,12.894846,77.550932,Bengaluru,UPI,TRANSFER,0,normal
U049-20240324142025-87750,U049,2024-03-24 14:20:25,2889.88,M78289,Entertainment,D049,26.920109,80.908791,Lucknow,Credit Card,TOPUP,1,HIGH_VELOCITY
U028-20240324183300-72704,U028,2024-03-24 18:33:00,113.71,M24002,Electricity,D028_1,18.513725,73.886496,Pune,Credit Card,TRANSFER,0,normal
U119-20240324192724-22680,U119,2024-03-24 19:27:24,881.48,M78764,Healthcare,D119,26.844747,81.031669,Lucknow,UPI,TOPUP,0,normal
U026-20240325141735-24679,U026,2024-03-25 14:17:35,2017.99,M35233,Fuel,D026_1,13.174613,80.348705,Chennai,Wallet,TOPUP,0,normal
U094-20240325184357-96537,U094,2024-03-25 18:43:57,1069.5,M56234,Entertainment,D094_1,28.528792,77.094603,Delhi,Credit Card,TOPUP,0,normal
U199-20240325222017-78749,U199,2024-03-25 22:20:17,479.26,M75907,Shopping,D199_1,26.778967,80.811774,Lucknow,UPI,TRANSFER,0,normal
U054-20240326001648-59294,U054,2024-03-26 00:16:48,7487.98,M57119,Electricity,D1054,28.679963,77.194412,Delhi,Wallet,REFUND,1,ACCOUNT_TAKEOVER
U024-20240326134213-24688,U024,2024-03-26 13:42:13,829.14,M57663,Restaurants,D024,28.553111,77.213207,Delhi,UPI,TRANSFER,0,normal
U086-20240326140619-22859,U086,2024-03-26 14:06:19,215.22,M33412,Electricity,D086_2,13.065248,80.275994,Chennai,Debit Card,PAYMENT,0,normal
U150-20240326153600-72598,U150,2024-03-26 15:36:00,1277.65,M26775,Travel,D150_3,26.886553,75.790941,Jaipur,Debit Card,TRANSFER,0,normal
U162-20240326193451-49589,U162,2024-03-26 19:34:51,216.4,M04827,Groceries,D162,12.98833,77.49438,Bengaluru,UPI,TRANSFER,0,normal
U084-20240326200347-52724,U084,2024-03-26 20:03:47,1015.19,M59423,Shopping,D084_2,28.726587,77.215728,Delhi,UPI,TRANSFER,0,normal
U111-20240326211038-24307,U111,2024-03-26 21:10:38,1877.37,M77081,Shopping,D111_2,12.888316,74.819784,Mangalore,Wallet,REFUND,0,normal
U185-20240326221208-30297,U185,2024-03-26 22:12:08,1100.79,M59895,Shopping,D185_2,17.514553,78.474917,Hyderabad,Credit Card,REFUND,0,normal
U169-20240326224553-47478,U169,2024-03-26 22:45:53,1639.5,M78138,Entertainment,D169_1,26.780161,81.03366,Lucknow,Debit Card,TOPUP,0,normal
U082-20240327111254-93048,U082,2024-03-27 11:12:54,49.06,M03954,Fuel,D082,12.957409,77.437944,Bengaluru,Credit Card,TOPUP,0,normal
U179-20240327141519-99977,U179,2024-03-27 14:15:19,1108.51,M77947,Bills,D179_1,26.879996,80.914731,Lucknow,Debit Card,TOPUP,0,normal
U108-20240327175113-81596,U108,2024-03-27 17:51:13,238.59,M23471,Travel,D108_2,18.548397,73.798729,Pune,Wallet,PAYMENT,0,normal
U171-20240327190601-47996,U171,2024-03-27 19:06:01,311.7,M79029,Bills,D171_1,12.939523,74.963362,Mangalore,Debit Card,TRANSFER,0,normal
U171-20240327192037-93388,U171,2024-03-27 19:20:37,456.14,M79648,Healthcare,D171,13.046279,80.208552,Chennai,Credit Card,TRANSFER,1,LOCATION_ANOMALY
U052-20240328134320-70819,U052,2024-03-28 13:43:20,148.5,M05028,Subscriptions,D052_1,12.913234,77.589543,Bengaluru,Debit Card,TOPUP,0,normal
U048-20240328152752-39080,U048,2024-03-28 15:27:52,4519.53,M25077,Healthcare,D048,18.502059,74.005597,Pune,Credit Card,TOPUP,0,normal
U021-20240328160828-31489,U021,2024-03-28 16:08:28,307.27,M77308,Fuel,D021,12.919241,74.811576,Mangalore,Wallet,TOPUP,0,normal
U200-20240328161918-45043,U200,2024-03-28 16:19:18,703.54,M27920,Shopping,D200,26.971823,75.820139,Jaipur,UPI,TRANSFER,0,normal
U101-20240328185924-64472,U101,2024-03-28 18:59:24,378.03,M77060,Shopping,D101_1,12.99731,74.708683,Mangalore,Wallet,PAYMENT,1,HIGH_VELOCITY
U181-20240328222751-68960,U181,2024-03-28 22:27:51,896.91,M77585,Electricity,D181_1,12.94297,74.815504,Mangalore,UPI,TRANSFER,0,normal
U010-20240329111923-67684,U010,2024-03-29 11:19:23,629.16,M25791,Taxi,D010,26.838916,75.7402,Jaipur,UPI,TRANSFER,0,normal
U022-20240329133129-48508,U022,2024-03-29 13:31:29,1432.19,M05599,Education,D022_1,12.922732,77.637159,Bengaluru,Wallet,TRANSFER,0,normal
U069-20240329142204-38736,U069,2024-03-29 14:22:04,1629.4,M76351,Taxi,D069_2,26.814248,80.820865,Lucknow,Credit Card,REFUND,1,MERCHANT_ANOMALY
U076-20240329153320-50660,U076,2024-03-29 15:33:20,499.77,M33532,Fuel,D076_1,13.126011,80.227207,Chennai,Wallet,TRANSFER,0,normal
U096-20240329155833-45638,U096,2024-03-29 15:58:33,68.86,M33062,Bills,D096_1,13.034929,80.271239,Chennai,Debit Card,TRANSFER,0,normal
U118-20240329201731-98803,U118,2024-03-29 20:17:31,160.86,M23975,Subscriptions,D118,18.468352,73.929101,Pune,UPI,TOPUP,0,normal
U163-20240329210851-91336,U163,2024-03-29 21:08:51,398.97,M19403,Shopping,D163,19.113563,72.826776,Mumbai,UPI,REFUND,0,normal
U026-20240330091659-91039,U026,2024-03-30 09:16:59,1368.06,M35052,Travel,D026_2,13.157314,80.347935,Chennai,Debit Card,REFUND,0,normal
U160-20240330125435-50891,U160,2024-03-30 12:54:35,257.61,M28909,Taxi,D160_1,26.908715,75.982168,Jaipur,Debit Card,TRANSFER,0,normal
U092-20240330185815-21481,U092,2024-03-30 18:58:15,922.36,M04561,Shopping,D092_2,13.00934,77.446759,Bengaluru,Debit Card,REFUND,0,normal
U064-20240330193521-46412,U064,2024-03-30 19:35:21,182.24,M59124,Healthcare,D064_1,28.594354,77.318031,Delhi,Credit Card,REFUND,0,normal
U093-20240330213338-57610,U093,2024-03-30 21:33:38,1403.41,M20881,Entertainment,D093_3,19.125826,72.962301,Mumbai,UPI,TOPUP,0,normal
U183-20240330215638-25842,U183,2024-03-30 21:56:38,1180.23,M19763,Shopping,D183_2,19.066113,72.910199,Mumbai,Debit Card,PAYMENT,0,normal
U161-20240330222649-74192,U161,2024-03-30 22:26:49,1224.92,M78048,Electricity,D161_2,12.873246,74.931585,Mangalore,UPI,REFUND,0,normal
U061-20240331080030-50381,U061,2024-03-31 08:00:30,436.08,M76441,Entertainment,D061,12.807437,74.836674,Mangalore,Wallet,TOPUP,0,normal
U058-20240331121948-35695,U058,2024-03-31 12:19:48,247.21,M25621,Shopping,D058_1,18.626807,73.935257,Pune,Credit Card,TRANSFER,0,normal
U195-20240331155409-99152,U195,2024-03-31 15:54:09,9944.2,M59996,Fuel,D195_1,17.513423,78.486213,Hyderabad,Wallet,TOPUP,0,normal
U024-20240331195238-84285,U024,2024-03-31 19:52:38,199.47,M58740,Healthcare,D024,28.57743,77.296553,Delhi,Credit Card,TOPUP,0,normal
U181-20240331211219-16570,U181,2024-03-31 21:12:19,658.03,M77035,Subscriptions,D181,12.898798,74.804725,Mangalore,Wallet,PAYMENT,0,normal
U055-20240401094448-37011,U055,2024-04-01 09:44:48,766.47,M56751,Subscriptions,D055_1,17.287736,78.38737,Hyderabad,Wallet,REFUND,0,normal
U068-20240401110000-43834,U068,2024-04-01 11:00:00,900.12,M24673,Taxi,D068_1,18.476335,73.990956,Pune,Debit Card,PAYMENT,0,normal
U067-20240401124306-41310,U067,2024-04-01 12:43:06,1952.59,M62472,Subscriptions,D067,17.418439,78.462319,Hyderabad,UPI,PAYMENT,1,LOCATION_ANOMALY
U004-20240401130418-94210,U004,2024-04-01 13:04:18,1622.03,M58882,Groceries,D004,28.630463,77.257746,Delhi,UPI,TOPUP,0,normal
U078-20240401141822-62341,U078,2024-04-01 14:18:22,329.51,M24596,Fuel,D078,18.507865,73.951712,Pune,UPI,REFUND,0,normal
U078-20240401142551-17464,U078,2024-04-01 14:25:51,605.5,M25689,Travel,D078_3,18.543999,74.0249,Pune,Debit Card,REFUND,0,normal
U069-20240401180624-83944,U069,2024-04-01 18:06:24,2673.95,M77059,Healthcare,D069_2,26.835065,80.870833,Lucknow,UPI,TRANSFER,0,normal
U111-20240401181533-73190,U111,2024-04-01 18:15:33,976.74,M76342,Education,D111_2,12.851692,74.782461,Mangalore,Credit Card,TRANSFER,0,normal
U152-20240401202739-38594,U152,2024-04-01 20:27:39,2015.46,M04570,Fuel,D152,12.928966,77.528079,Bengaluru,Debit Card,PAYMENT,0,normal
U022-20240402161057-72184,U022,2024-04-02 16:10:57,1395.5,M05914,Electricity,D022,12.970409,77.620962,Bengaluru,Debit Card,TRANSFER,0,normal
U122-20240402182702-30914,U122,2024-04-02 18:27:02,976.13,M05519,Education,D122,12.918425,77.633454,Bengaluru,Wallet,PAYMENT,0,normal
U144-20240402190335-88489,U144,2024-04-02 19:03:35,1201.63,M60911,Shopping,D144_3,28.620821,77.470232,Delhi,Credit Card,TRANSFER,0,normal
U142-20240402204227-35323,U142,2024-04-02 20:42:27,860.35,M04210,Fuel,D142,12.853957,77.567089,Bengaluru,Debit Card,PAYMENT,0,normal
U087-20240403125953-92067,U087,2024-04-03 12:59:53,552.27,M62710,Education,D087,9.92252,76.348486,Kochi,Debit Card,TOPUP,0,normal
U118-20240403130112-34837,U118,2024-04-03 13:01:12,350.16,M24089,Entertainment,D118_1,18.528629,73.880236,Pune,Wallet,TRANSFER,0,normal
U069-20240403161258-18085,U069,2024-04-03 16:12:58,2022.64,M76969,Healthcare,D069,26.831719,80.865175,Lucknow,UPI,TRANSFER,0,normal
U060-20240403203923-52583,U060,2024-04-03 20:39:23,163.34,M26352,Shopping,D060_3,26.908919,75.726268,Jaipur,Debit Card,REFUND,0,normal
U076-20240403205920-31913,U076,2024-04-03 20:59:20,300.26,M33335,Fuel,D076_1,13.103134,80.230412,Chennai,Debit Card,TOPUP,0,normal
U159-20240404135843-50333,U159,2024-04-04 13:58:43,1565.21,M78765,Travel,D159,26.8431,81.033371,Lucknow,Debit Card,REFUND,0,normal
U197-20240404141812-38871,U197,2024-04-04 14:18:12,8798.09,M59422,Taxi,D197,9.818066,76.124096,Kochi,Debit Card,TRANSFER,1,HIGH_AMOUNT
U121-20240404151448-33290,U121,2024-04-04 15:14:48,217.86,M76800,Shopping,D121,12.912493,74.76753,Mangalore,Wallet,REFUND,0,normal
U058-20240404161014-15542,U058,2024-04-04 16:10:14,896.19,M25574,Subscriptions,D058_1,18.590248,73.967195,Pune,Debit Card,TRANSFER,0,normal
U084-20240404180021-67777,U084,2024-04-04 18:00:21,1306.46,M59869,Education,D084_3,28.672666,77.314269,Delhi,Credit Card,REFUND,0,normal
U187-20240404202512-10520,U187,2024-04-04 20:25:12,694.98,M61577,Groceries,D187,9.924089,76.233654,Kochi,UPI,TOPUP,0,normal
U101-20240404215804-13625,U101,2024-04-04 21:58:04,1179.26,M77026,Subscriptions,D101,12.981478,74.721115,Mangalore,Wallet,TRANSFER,0,normal
U199-20240405101747-56263,U199,2024-04-05 10:17:47,883.94,M75224,Restaurants,D199,26.729419,80.793014,Lucknow,Wallet,TOPUP,0,normal
U154-20240405145747-69724,U154,2024-04-05 14:57:47,632.23,M60618,Electricity,D154_1,28.712782,77.348992,Delhi,Wallet,PAYMENT,0,normal
U173-20240405152022-98882,U173,2024-04-05 15:20:22,2473.13,M19998,Entertainment,D173_1,19.070057,72.929747,Mumbai,Wallet,TOPUP,1,HIGH_AMOUNT
U098-20240405154401-40084,U098,2024-04-05 15:44:01,350.95,M21161,Taxi,D098_1,18.454927,73.661167,Pune,Credit Card,PAYMENT,0,normal
U185-20240405175837-50747,U185,2024-04-05 17:58:37,7152.79,M60229,Electricity,D185,17.529837,78.493067,Hyderabad,Credit Card,PAYMENT,0,normal
U083-20240405213858-29132,U083,2024-04-05 21:38:58,338.88,M18863,Electricity,D083_2,19.08128,72.805034,Mumbai,Credit Card,REFUND,1,MERCHANT_ANOMALY
U129-20240405221403-76696,U129,2024-04-05 22:14:03,399.44,M78621,Electricity,D129_3,26.866631,80.995501,Lucknow,UPI,TRANSFER,0,normal
U015-20240406124402-65967,U015,2024-04-06 12:44:02,7091.75,M58240,Subscriptions,D015,17.36064,78.463401,Hyderabad,Credit Card,PAYMENT,0,normal
U066-20240406172308-14703,U066,2024-04-06 17:23:08,616.2,M33919,Travel,D066,13.140158,80.251772,Chennai,Credit Card,REFUND,0,normal
U165-20240406173041-93627,U165,2024-04-06 17:30:41,3552.64,M59966,Education,D165_3,17.417578,78.579023,Hyderabad,UPI,PAYMENT,1,HIGH_AMOUNT
U138-20240406192344-23796,U138,2024-04-06 19:23:44,1481.99,M23571,Taxi,D138_2,18.510478,73.84667,Pune,Wallet,TRANSFER,0,normal
U061-20240407080757-86029,U061,2024-04-07 08:07:57,1073.95,M77358,Healthcare,D061_1,12.883388,74.852392,Mangalore,Wallet,TOPUP,0,normal
U145-20240407081444-41438,U145,2024-04-07 08:14:44,2229.05,M58893,Education,D1145,17.420758,78.468572,Hyderabad,Debit Card,REFUND,1,NEW_DEVICE
U057-20240407104756-16825,U057,2024-04-07 10:47:56,1218.83,M64101,Healthcare,D057_1,9.982391,76.427722,Kochi,Credit Card,TOPUP,0,normal
U159-20240407120622-97589,U159,2024-04-07 12:06:22,2133.15,M78061,Entertainment,D159_1,26.828601,80.977512,Lucknow,UPI,REFUND,0,normal
U161-20240407175043-21327,U161,2024-04-07 17:50:43,1020.88,M77736,Entertainment,D161_1,12.888106,74.885457,Mangalore,Wallet,PAYMENT,0,normal
U041-20240407180846-66612,U041,2024-04-07 18:08:46,529.33,M77679,Electricity,D041_1,12.851694,74.916184,Mangalore,Credit Card,REFUND,0,normal
U069-20240407182429-26003,U069,2024-04-07 18:24:29,3441.41,M76107,Groceries,D069_3,26.810856,80.799868,Lucknow,UPI,REFUND,0,normal
U027-20240407183512-49885,U027,2024-04-07 18:35:12,1210.6,M62074,Subscriptions,D027_1,9.978547,76.228883,Kochi,Debit Card,TOPUP,0,normal
U077-20240407201945-14784,U077,2024-04-07 20:19:45,1328.18,M62355,Shopping,D077,9.901013,76.334528,Kochi,UPI,PAYMENT,0,normal
U098-20240407205819-90151,U098,2024-04-07 20:58:19,355.68,M21134,Shopping,D098,18.439386,73.674002,Pune,Debit Card,REFUND,0,normal
U124-20240408113439-43731,U124,2024-04-08 11:34:39,943.89,M57052,Electricity,D124_1,28.640975,77.064266,Delhi,Credit Card,TRANSFER,0,normal
U023-20240408121755-82784,U023,2024-04-08 12:17:55,1722.21,M18876,Fuel,D023_1,19.083862,72.803746,Mumbai,UPI,TOPUP,0,normal
U014-20240408152956-31786,U014,2024-04-08 15:29:56,918.86,M58560,Fuel,D014_1,28.635168,77.220813,Delhi,Wallet,TOPUP,0,normal
U083-20240408165010-71405,U083,2024-04-08 16:50:10,1049.28,M18771,Bills,D083_2,19.098592,72.778555,Mumbai,Wallet,PAYMENT,0,normal
U024-20240408203138-76510,U024,2024-04-08 20:31:38,62.2,M58807,Restaurants,D024_1,28.58519,77.295521,Delhi,Debit Card,TRANSFER,0,normal
U087-20240408222718-13975,U087,2024-04-08 22:27:18,403.0,M61768,Bills,D087_1,9.910456,76.266363,Kochi,Debit Card,REFUND,0,normal
U137-20240409004547-27287,U137,2024-04-09 00:45:47,270.17,M61149,Groceries,D137_2,9.91575,76.19916,Kochi,UPI,TOPUP,1,UNUSUAL_TIME
U091-20240409113628-13689,U091,2024-04-09 11:36:28,647.72,M79118,Taxi,D091,12.934739,74.977092,Mangalore,Debit Card,TOPUP,0,normal
U082-20240409143544-57189,U082,2024-04-09 14:35:44,128.17,M04272,Healthcare,D082_1,12.948565,77.478616,Bengaluru,Debit Card,TOPUP,0,normal
U047-20240409154431-81826,U047,2024-04-09 15:44:31,679.56,M63236,Taxi,D047_1,9.907758,76.415804,Kochi,Debit Card,PAYMENT,0,normal
U074-20240409171407-25695,U074,2024-04-09 17:14:07,533.56,M60625,Bills,D074_2,28.681991,77.380472,Delhi,Credit Card,TOPUP,0,normal
U155-20240409181022-65103,U155,2024-04-09 18:10:22,836.27,M59194,Subscriptions,D155_1,17.411344,78.508028,Hyderabad,Credit Card,REFUND,0,normal
U148-20240409192250-30961,U148,2024-04-09 19:22:50,1250.18,M24714,Bills,D148,18.617058,73.854306,Pune,Debit Card,PAYMENT,0,normal
U018-20240409205356-64683,U018,2024-04-09 20:53:56,2552.08,M24207,Taxi,D018,18.566303,73.854432,Pune,UPI,REFUND,0,normal
U015-20240410105654-56882,U015,2024-04-10 10:56:54,3683.27,M57725,Education,D015_2,17.378392,78.394139,Hyderabad,Wallet,TRANSFER,0,normal
U059-20240410121749-85854,U059,2024-04-10 12:17:49,3095.45,M75663,Subscriptions,D059,26.890947,80.67533,Lucknow,Debit Card,PAYMENT,0,normal
U046-20240410155032-61412,U046,2024-04-10 15:50:32,1309.52,M33085,Shopping,D046,13.027963,80.280516,Chennai,UPI,TRANSFER,0,normal
U042-20240410203414-92905,U042,2024-04-10 20:34:14,2351.83,M04213,Shopping,D042_3,12.932971,77.488346,Bengaluru,Wallet,REFUND,0,normal
U130-20240410203503-70615,U130,2024-04-10 20:35:03,1034.06,M26441,Healthcare,D130_1,26.965412,75.678684,Jaipur,Credit Card,PAYMENT,0,normal
U011-20240410212310-52882,U011,2024-04-10 21:23:10,2994.26,M77329,Education,D011_2,12.927581,74.805325,Mangalore,Credit Card,TOPUP,0,normal
U095-20240410225253-70653,U095,2024-04-10 22:52:53,20.0,M58404,Subscriptions,D095,17.484969,78.355421,Hyderabad,Debit Card,TRANSFER,0,normal
U104-20240411034433-22034,U104,2024-04-11 03:44:33,2973.77,M58162,Groceries,D1104,13.157504,80.443569,Chennai,UPI,REFUND,1,ACCOUNT_TAKEOVER
U146-20240411115146-97425,U146,2024-04-11 11:51:46,321.07,M33517,Travel,D146_1,13.005278,80.346457,Chennai,Wallet,TOPUP,0,normal
U046-20240411124028-98801,U046,2024-04-11 12:40:28,1251.85,M34535,Shopping,D046_1,13.109597,80.343903,Chennai,Credit Card,TOPUP,0,normal
U090-20240411142552-28495,U090,2024-04-11 14:25:52,1293.13,M27603,Entertainment,D090_2,26.895647,75.864641,Jaipur,Debit Card,TOPUP,0,normal
U070-20240411150216-54485,U070,2024-04-11 15:02:16,585.06,M26590,Taxi,D070,26.846319,75.81266,Jaipur,Credit Card,TRANSFER,0,normal
U142-20240411174529-32204,U142,2024-04-11 17:45:29,1528.98,M04171,Education,D142_1,12.791703,77.625422,Bengaluru,Credit Card,PAYMENT,0,normal
U037-20240412084532-88162,U037,2024-04-12 08:45:32,833.21,M61829,Groceries,D037_1,10.034035,76.148903,Kochi,Debit Card,TOPUP,0,normal
U182-20240412160751-92559,U182,2024-04-12 16:07:51,617.58,M06761,Shopping,D182_2,12.956294,77.719777,Bengaluru,Credit Card,REFUND,0,normal
U054-20240412172439-86138,U054,2024-04-12 17:24:39,292.98,M57845,Subscriptions,D054,28.663412,77.121137,Delhi,UPI,TOPUP,0,normal
U103-20240412174408-27964,U103,2024-04-12 17:44:08,1289.78,M19416,Groceries,D103_1,19.070792,72.870827,Mumbai,Wallet,TOPUP,0,normal
U035-20240412174812-74546,U035,2024-04-12 17:48:12,538.45,M58918,Subscriptions,D035_2,17.336997,78.554818,Hyderabad,Debit Card,PAYMENT,0,normal
U160-20240412203607-98397,U160,2024-04-12 20:36:07,384.8,M28554,Bills,D160_1,26.893757,75.961667,Jaipur,Credit Card,TOPUP,0,normal
U093-20240413103622-81520,U093,2024-04-13 10:36:22,1297.16,M20031,Bills,D093_3,19.129238,72.873839,Mumbai,Wallet,TOPUP,0,normal
U002-20240413135849-45257,U002,2024-04-13 13:58:49,325.3,M05011,Shopping,D002_2,12.963676,77.537408,Bengaluru,Debit Card,REFUND,0,normal
U001-20240413191909-42190,U001,2024-04-13 19:19:09,668.35,M77348,Groceries,D001_1,12.894549,74.84028,Mangalore,Wallet,TRANSFER,0,normal
U035-20240413225433-18213,U035,2024-04-13 22:54:33,1129.86,M58174,Electricity,D035_2,17.38635,78.431078,Hyderabad,Wallet,REFUND,0,normal
U062-20240414121922-20900,U062,2024-04-14 12:19:22,1595.79,M05947,Education,D062_2,12.93386,77.660878,Bengaluru,Credit Card,PAYMENT,0,normal
U104-20240414134640-86613,U104,2024-04-14 13:46:40,280.91,M58357,Shopping,D104_1,28.664299,77.171363,Delhi,Debit Card,REFUND,0,normal
U038-20240414141734-33450,U038,2024-04-14 14:17:34,200.8,M23592,Fuel,D038_1,18.435074,73.924134,Pune,UPI,PAYMENT,0,normal
U124-20240414152326-95097,U124,2024-04-14 15:23:26,935.4,M56714,Bills,D124,28.637617,77.033747,Delhi,Wallet,TRANSFER,0,normal
U056-20240414153809-67780,U056,2024-04-14 15:38:09,264.66,M32921,Education,D056_1,13.130157,80.161945,Chennai,UPI,PAYMENT,0,normal
U069-20240414224841-30034,U069,2024-04-14 22:48:41,3449.17,M77306,Healthcare,D069,26.855645,80.874979,Lucknow,Credit Card,TOPUP,0,normal
U067-20240414225904-59849,U067,2024-04-14 22:59:04,2177.93,M62481,Subscriptions,D067,9.928128,76.319982,Kochi,Credit Card,REFUND,0,normal
U025-20240415121046-85875,U025,2024-04-15 12:10:46,1188.59,M58993,Travel,D025_1,17.447048,78.45229,Hyderabad,Credit Card,PAYMENT,0,normal
U146-20240415140627-48391,U146,2024-04-15 14:06:27,327.17,M34389,Bills,D146_2,13.020082,80.418776,Chennai,UPI,TRANSFER,0,normal
U120-20240415154511-78088,U120,2024-04-15 15:45:11,1532.56,M25639,Entertainment,D120,26.794887,75.76905,Jaipur,Wallet,TOPUP,0,normal
U066-20240415174035-91719,U066,2024-04-15 17:40:35,1161.27,M34510,Groceries,D066,13.212562,80.238417,Chennai,Debit Card,PAYMENT,0,normal
U035-20240415180719-13238,U035,2024-04-15 18:07:19,698.94,M57959,Restaurants,D035,17.322723,78.473188,Hyderabad,Credit Card,PAYMENT,0,normal
U108-20240415201227-91168,U108,2024-04-15 20:12:27,325.92,M22431,Taxi,D108_1,18.474749,73.768345,Pune,UPI,TRANSFER,0,normal
U163-20240416105532-51199,U163,2024-04-16 10:55:32,465.69,M19245,Shopping,D163,19.075329,72.849192,Mumbai,Debit Card,TOPUP,0,normal
U053-20240416130402-73757,U053,2024-04-16 13:04:02,299.04,M19822,Taxi,D053_2,19.137782,72.844453,Mumbai,Credit Card,REFUND,0,normal
U196-20240416154503-70247,U196,2024-04-16 15:45:03,105.19,M33654,Education,D196,13.128784,80.236635,Chennai,UPI,REFUND,0,normal
U033-20240416155407-41249,U033,2024-04-16 15:54:07,20.0,M21974,Subscriptions,D033_1,19.17085,73.026513,Mumbai,UPI,PAYMENT,0,normal
U028-20240416204825-14720,U028,2024-04-16 20:48:25,216.99,M23611,Travel,D028,18.479268,73.88183,Pune,Wallet,PAYMENT,0,normal
U121-20240416210217-93410,U121,2024-04-16 21:02:17,2190.62,M77121,Electricity,D121,12.893453,74.818669,Mangalore,Credit Card,TOPUP,1,HIGH_AMOUNT
U125-20240416221552-30925,U125,2024-04-16 22:15:52,1474.77,M58629,Electricity,D125,17.305936,78.556921,Hyderabad,Debit Card,PAYMENT,0,normal
U032-20240417134035-24520,U032,2024-04-17 13:40:35,558.52,M05064,Travel,D032_2,12.949717,77.556676,Bengaluru,Credit Card,TOPUP,0,normal
U014-20240417173907-93831,U014,2024-04-17 17:39:07,1378.3,M59233,Restaurants,D014_2,28.660344,77.263004,Delhi,Credit Card,PAYMENT,0,normal
U003-20240417193405-86622,U003,2024-04-17 19:34:05,554.81,M20686,Subscriptions,D003_1,19.137253,72.931346,Mumbai,Credit Card,TRANSFER,0,normal
U042-20240417202238-87845,U042,2024-04-17 20:22:38,2957.08,M04614,Shopping,D042_2,12.943819,77.517605,Bengaluru,Credit Card,REFUND,0,normal
U064-20240418111018-48573,U064,2024-04-18 11:10:18,402.68,M58189,Education,D064,28.580323,77.238549,Delhi,Wallet,REFUND,0,normal
U110-20240418162956-96179,U110,2024-04-18 16:29:56,145.89,M28058,Education,D110_1,26.872286,75.933497,Jaipur,Wallet,PAYMENT,0,normal
U158-20240419094239-95677,U158,2024-04-19 09:42:39,1246.62,M25050,Education,D158_1,18.554857,73.950122,Pune,UPI,TOPUP,0,normal
U063-20240419105826-86388,U063,2024-04-19 10:58:26,888.2,M18299,Bills,D063_2,19.077133,72.752726,Mumbai,Credit Card,PAYMENT,0,normal
U014-20240419123431-89994,U014,2024-04-19 12:34:31,638.54,M58322,Restaurants,D014_2,28.637092,77.195078,Delhi,Credit Card,TOPUP,0,normal
U063-20240419144027-16043,U063,2024-04-19 14:40:27,667.26,M18170,Restaurants,D063_2,19.052514,72.764534,Mumbai,Wallet,TOPUP,0,normal
U004-20240419153238-52751,U004,2024-04-19 15:32:38,628.27,M59352,Bills,D004_1,28.638323,77.296878,Delhi,Wallet,REFUND,0,normal
U059-20240419171152-23268,U059,2024-04-19 17:11:52,3003.19,M74916,Fuel,D059_2,26.892186,80.599407,Lucknow,UPI,REFUND,0,normal
U057-20240419180021-71438,U057,2024-04-19 18:00:21,412.5,M64046,Travel,D057,10.004489,76.400127,Kochi,Credit Card,TRANSFER,0,normal
U180-20240419184058-75737,U180,2024-04-19 18:40:58,539.07,M24951,Fuel,D180,26.917872,75.577214,Jaipur,Credit Card,REFUND,0,normal
U053-20240419224902-36602,U053,2024-04-19 22:49:02,282.57,M19800,Groceries,D053_2,19.106202,72.873762,Mumbai,Credit Card,REFUND,0,normal
U177-20240420140016-99371,U177,2024-04-20 14:00:16,555.97,M60958,Restaurants,D177_1,9.83056,76.265273,Kochi,Credit Card,TOPUP,0,normal
U054-20240420141326-49681,U054,2024-04-20 14:13:26,446.43,M58025,Healthcare,D054_2,28.626301,77.176171,Delhi,Credit Card,TRANSFER,0,normal
U044-20240420142152-65932,U044,2024-04-20 14:21:52,484.79,M57184,Groceries,D044,28.534341,77.184026,Delhi,UPI,TOPUP,0,normal
U096-20240420145840-47120,U096,2024-04-20 14:58:40,20.0,M33049,Healthcare,D096_1,13.064645,80.240264,Chennai,Credit Card,TOPUP,0,normal
U188-20240420195259-29337,U188,2024-04-20 19:52:59,1728.7,M24016,Travel,D188_1,18.570214,73.831395,Pune,UPI,TRANSFER,0,normal
U161-20240420202703-21204,U161,2024-04-20 20:27:03,590.82,M78061,Shopping,D161,12.902002,74.904127,Mangalore,Credit Card,REFUND,0,normal
U045-20240421112659-26272,U045,2024-04-21 11:26:59,1497.52,M58277,Subscriptions,D045_2,17.387789,78.439876,Hyderabad,Credit Card,TOPUP,0,normal
U027-20240421121841-89292,U027,2024-04-21 12:18:41,85.02,M61661,Taxi,D027_2,9.911666,76.254477,Kochi,UPI,TOPUP,0,normal
U023-20240421124545-73804,U023,2024-04-21 12:45:45,1428.33,M20617,Subscriptions,D023_1,19.166221,72.895513,Mumbai,Wallet,REFUND,0,normal
U184-20240421152602-10591,U184,2024-04-21 15:26:02,300.68,M57688,Entertainment,D184_1,28.640758,77.128031,Delhi,Credit Card,REFUND,0,normal
U009-20240421173649-68692,U009,2024-04-21 17:36:49,462.94,M77552,Restaurants,D009_3,26.849729,80.905475,Lucknow,Debit Card,TOPUP,0,normal
U186-20240421183032-98553,U186,2024-04-21 18:30:32,296.7,M35359,Healthcare,D186_2,13.083224,80.452689,Chennai,Debit Card,TRANSFER,0,normal
U008-20240422120407-49804,U008,2024-04-22 12:04:07,1513.06,M23089,Entertainment,D008_2,18.46208,73.846822,Pune,UPI,REFUND,0,normal
U042-20240422143617-64488,U042,2024-04-22 14:36:17,1243.3,M03391,Groceries,D042_2,12.890886,77.448237,Bengaluru,Debit Card,TOPUP,0,normal
U133-20240422172138-76331,U133,2024-04-22 17:21:38,332.9,M19291,Bills,D133,19.082613,72.846471,Mumbai,Wallet,REFUND,0,normal
U173-20240422194236-58101,U173,2024-04-22 19:42:36,233.48,M19971,Fuel,D173_2,19.074734,72.922382,Mumbai,Debit Card,PAYMENT,0,normal
U120-20240423145948-34712,U120,2024-04-23 14:59:48,2262.64,M25377,Shopping,D120_1,26.81504,75.722632,Jaipur,Debit Card,TRANSFER,0,normal
U197-20240423151919-14042,U197,2024-04-23 15:19:19,1530.11,M60623,Restaurants,D197,9.867851,76.194432,Kochi,Debit Card,REFUND,0,normal
U031-20240423163247-95667,U031,2024-04-23 16:32:47,607.0,M76691,Restaurants,D031,12.963318,74.70582,Mangalore,Debit Card,REFUND,0,normal
U060-20240423170602-97753,U060,2024-04-23 17:06:02,100.05,M25461,Education,D060_1,26.883348,75.662727,Jaipur,Credit Card,PAYMENT,0,normal
U075-20240423180026-58592,U075,2024-04-23 18:00:26,4078.03,M58800,Shopping,D075_1,17.415542,78.464409,Hyderabad,UPI,PAYMENT,0,normal
U012-20240423202010-92083,U012,2024-04-23 20:20:10,1067.68,M06120,Groceries,D012_2,13.042189,77.569819,Bengaluru,Debit Card,REFUND,0,normal
U125-20240423223859-19574,U125,2024-04-23 22:38:59,3214.91,M58236,Fuel,D125_2,17.343978,78.479606,Hyderabad,Debit Card,TOPUP,0,normal
U135-20240424100751-71344,U135,2024-04-24 10:07:51,496.7,M59812,Education,D135_1,17.298006,78.68321,Hyderabad,Wallet,PAYMENT,0,normal
U165-20240424120108-45502,U165,2024-04-24 12:01:08,24.6,M60558,Subscriptions,D165_2,17.398978,78.656847,Hyderabad,Credit Card,TRANSFER,0,normal
U069-20240424160825-21812,U069,2024-04-24 16:08:25,2515.24,M75986,Groceries,D069_2,26.789671,80.808948,Lucknow,UPI,TRANSFER,0,normal
U007-20240424162412-85046,U007,2024-04-24 16:24:12,20.0,M60678,Bills,D007_1,9.88166,76.186157,Kochi,UPI,TRANSFER,0,normal
U004-20240424185810-20030,U004,2024-04-24 18:58:10,416.4,M59233,Entertainment,D004_1,28.65414,77.269185,Delhi,Debit Card,TRANSFER,0,normal
U056-20240424203315-44048,U056,2024-04-24 20:33:15,387.76,M32616,Shopping,D056_2,13.100046,80.161509,Chennai,Debit Card,TOPUP,0,normal
U184-20240425131511-12662,U184,2024-04-25 13:15:11,20.0,M57440,Fuel,D184_1,28.610449,77.133595,Delhi,Wallet,TRANSFER,0,normal
U150-20240425141748-40738,U150,2024-04-25 14:17:48,891.86,M25663,Education,D150,26.828697,75.737618,Jaipur,Credit Card,TRANSFER,0,normal
U107-20240425144216-24405,U107,2024-04-25 14:42:16,391.23,M62679,Bills,D107_1,9.961409,76.306468,Kochi,Credit Card,REFUND,0,normal
U008-20240425204747-10121,U008,2024-04-25 20:47:47,1191.2,M22694,Entertainment,D008_2,18.501857,73.76751,Pune,UPI,TOPUP,0,normal
U197-20240426135128-13828,U197,2024-04-26 13:51:28,1209.91,M60241,Healthcare,D197_2,9.879231,76.144919,Kochi,UPI,PAYMENT,0,normal
U105-20240426205154-71138,U105,2024-04-26 20:51:54,150.03,M57849,Shopping,D105_1,17.289528,78.495394,Hyderabad,Wallet,PAYMENT,0,normal
U115-20240427081236-91150,U115,2024-04-27 08:12:36,642.53,M59384,Shopping,D115,17.352166,78.58621,Hyderabad,UPI,TRANSFER,0,normal
U014-20240427113301-77675,U014,2024-04-27 11:33:01,436.82,M57683,Education,D014_2,28.608711,77.15958,Delhi,Debit Card,REFUND,0,normal
U118-20240427151034-58109,U118,2024-04-27 15:10:34,101.09,M23214,Taxi,D118,18.444987,73.876373,Pune,Debit Card,TRANSFER,0,normal
U064-20240427180012-89151,U064,2024-04-27 18:00:12,424.6,M58974,Shopping,D064,28.603362,77.29401,Delhi,UPI,TOPUP,0,normal
U180-20240427181355-41360,U180,2024-04-27 18:13:55,334.07,M25741,Entertainment,D180_3,26.9137,75.660352,Jaipur,Credit Card,PAYMENT,0,normal
U165-20240427184452-69724,U165,2024-04-27 18:44:52,185.42,M59606,Bills,D165,17.380578,78.580015,Hyderabad,Credit Card,TRANSFER,0,normal
U081-20240427193239-65433,U081,2024-04-27 19:32:39,515.5,M78470,Healthcare,D081_1,12.924957,74.922061,Mangalore,Wallet,REFUND,0,normal
U101-20240427195449-51625,U101,2024-04-27 19:54:49,610.17,M76943,Electricity,D101_2,12.968246,74.726043,Mangalore,Debit Card,TOPUP,0,normal
U080-20240427202101-55085,U080,2024-04-27 20:21:01,349.54,M26635,Subscriptions,D080_2,26.905836,75.757681,Jaipur,Credit Card,TOPUP,0,normal
U167-20240427204750-65590,U167,2024-04-27 20:47:50,988.59,M62755,Groceries,D167,9.952301,76.323198,Kochi,Debit Card,PAYMENT,0,normal
U125-20240427205051-12709,U125,2024-04-27 20:50:51,1953.6,M59094,Bills,D125_2,17.294342,78.615033,Hyderabad,UPI,PAYMENT,0,normal
U123-20240428134209-80993,U123,2024-04-28 13:42:09,3375.78,M20552,Subscriptions,D123_2,19.152043,72.90312,Mumbai,Wallet,REFUND,0,normal
U060-20240428161118-30943,U060,2024-04-28 16:11:18,275.71,M26895,Healthcare,D060,26.925749,75.763772,Jaipur,Credit Card,TOPUP,0,normal
U072-20240428171845-63280,U072,2024-04-28 17:18:45,1277.33,M06023,Restaurants,D072,12.953699,77.648639,Bengaluru,Debit Card,TOPUP,0,normal
U051-20240428174456-63077,U051,2024-04-28 17:44:56,871.48,M76597,Electricity,D051_3,12.937109,74.722552,Mangalore,Wallet,TOPUP,0,normal
U177-20240428192906-81167,U177,2024-04-28 19:29:06,849.83,M62476,Bills,D177,9.909529,76.338029,Kochi,Wallet,PAYMENT,0,normal
U001-20240428212305-47911,U001,2024-04-28 21:23:05,1325.31,M77621,Healthcare,D001,12.886817,74.875247,Mangalore,Wallet,PAYMENT,0,normal
U121-20240428223023-17979,U121,2024-04-28 22:30:23,203.96,M76855,Restaurants,D121,12.923418,74.762129,Mangalore,Credit Card,PAYMENT,0,normal
U005-20240429122648-14145,U005,2024-04-29 12:26:48,1063.36,M58749,Bills,D005_1,17.390925,78.483944,Hyderabad,Debit Card,PAYMENT,0,normal
U046-20240429164155-39229,U046,2024-04-29 16:41:55,773.12,M33700,Restaurants,D046_1,13.068375,80.301674,Chennai,Debit Card,TOPUP,0,normal
U110-20240429205907-78687,U110,2024-04-29 20:59:07,129.45,M27506,Electricity,D110_1,26.854117,75.896457,Jaipur,UPI,REFUND,0,normal
U174-20240430130648-55481,U174,2024-04-30 13:06:48,291.91,M57267,Groceries,D174_1,28.661403,77.065332,Delhi,Credit Card,REFUND,0,normal
U028-20240430140803-84670,U028,2024-04-30 14:08:03,75.44,M25933,Bills,D028_1,18.58929,74.004009,Pune,Debit Card,PAYMENT,0,normal
U067-20240430174232-90792,U067,2024-04-30 17:42:32,2034.68,M62185,Healthcare,D067,9.893649,76.324895,Kochi,Debit Card,TOPUP,0,normal
U173-20240430174610-57927,U173,2024-04-30 17:46:10,750.93,M20626,Shopping,D173,19.055826,73.006758,Mumbai,UPI,TOPUP,0,normal
U061-20240430224221-36628,U061,2024-04-30 22:42:21,907.95,M77398,Healthcare,D061_1,12.905017,74.91854,Mangalore,Credit Card,TOPUP,1,LOCATION_ANOMALY
U112-20240501004555-87165,U112,2024-05-01 00:45:55,2635.11,M04941,Healthcare,D1112,12.965092,77.718572,Bengaluru,Credit Card,TRANSFER,1,ACCOUNT_TAKEOVER
U191-20240501131301-77788,U191,2024-05-01 13:13:01,344.16,M77952,Fuel,D191_1,12.970165,74.825041,Mangalore,Wallet,TOPUP,0,normal
U186-20240501142906-99610,U186,2024-05-01 14:29:06,319.26,M35827,Shopping,D186_2,13.084217,80.498443,Chennai,Wallet,REFUND,0,normal
U144-20240501153145-42741,U144,2024-05-01 15:31:45,1972.56,M60543,Fuel,D144_1,28.61694,77.437388,Delhi,Debit Card,REFUND,0,normal
U039-20240501162902-43341,U039,2024-05-01 16:29:02,362.85,M77006,Education,D039_3,26.807835,80.892779,Lucknow,Credit Card,REFUND,0,normal
U104-20240502103009-90841,U104,2024-05-02 10:30:09,390.98,M58277,Taxi,D104,28.695619,77.132045,Delhi,Debit Card,TOPUP,0,normal
U032-20240502131358-24551,U032,2024-05-02 13:13:58,685.09,M05472,Electricity,D032_1,12.953076,77.594108,Bengaluru,Credit Card,PAYMENT,0,normal
U152-20240502134023-10144,U152,2024-05-02 13:40:23,192.42,M04783,Travel,D152,12.894493,77.583776,Bengaluru,Credit Card,TRANSFER,0,normal
U145-20240502193252-48777,U145,2024-05-02 19:32:52,1601.17,M59759,Shopping,D145,17.39203,78.583907,Hyderabad,Debit Card,TOPUP,0,normal
U131-20240502195220-90821,U131,2024-05-02 19:52:20,434.87,M77858,Entertainment,D131_2,12.912979,74.872771,Mangalore,UPI,TRANSFER,0,normal
U103-20240502200201-54622,U103,2024-05-02 20:02:01,434.0,M20136,Shopping,D103_1,19.114404,72.899162,Mumbai,Credit Card,TRANSFER,0,normal
U166-20240502202456-43410,U166,2024-05-02 20:24:56,292.8,M31978,Taxi,D166,13.024874,80.172898,Chennai,Wallet,PAYMENT,0,normal
U107-20240503203954-82119,U107,2024-05-03 20:39:54,613.29,M61783,Healthcare,D107_1,9.917265,76.261052,Kochi,UPI,TOPUP,0,normal
U170-20240504120633-99363,U170,2024-05-04 12:06:33,7397.14,M25412,Subscriptions,D170_1,26.871318,75.669869,Jaipur,Wallet,PAYMENT,0,normal
U190-20240504170241-40327,U190,2024-05-04 17:02:41,468.8,M27946,Shopping,D190,26.933838,75.860716,Jaipur,Debit Card,TOPUP,0,normal
U135-20240504221820-23341,U135,2024-05-04 22:18:20,636.03,M60497,Education,D135_2,17.387202,78.662527,Hyderabad,Debit Card,REFUND,0,normal
U029-20240505140922-83414,U029,2024-05-05 14:09:22,704.33,M76958,Healthcare,D029_2,26.745165,80.950609,Lucknow,UPI,PAYMENT,0,normal
U082-20240505164125-73470,U082,2024-05-05 16:41:25,20.0,M04363,Subscriptions,D082,12.995236,77.441047,Bengaluru,Wallet,TRANSFER,0,normal
U132-20240505170139-64551,U132,2024-05-05 17:01:39,825.41,M06573,Entertainment,D132_2,13.062008,77.595251,Bengaluru,Debit Card,TRANSFER,0,normal
U053-20240505171533-70672,U053,2024-05-05 17:15:33,259.96,M20573,Shopping,D053_1,19.191929,72.865393,Mumbai,Credit Card,PAYMENT,0,normal
U008-20240506091835-16068,U008,2024-05-06 09:18:35,1434.6,M23051,Groceries,D008,18.514184,73.790884,Pune,UPI,TOPUP,0,normal
U184-20240506123547-84288,U184,2024-05-06 12:35:47,565.03,M57333,Entertainment,D184_1,28.574807,77.158466,Delhi,Debit Card,PAYMENT,0,normal
U145-20240506144819-77975,U145,2024-05-06 14:48:19,927.25,M58439,Education,D145_1,17.385219,78.458698,Hyderabad,Debit Card,REFUND,0,normal
U191-20240506154438-73624,U191,2024-05-06 15:44:38,352.84,M77431,Subscriptions,D191_2,12.939846,74.803268,Mangalore,Credit Card,TOPUP,0,normal
U192-20240506163149-40333,U192,2024-05-06 16:31:49,20.0,M06388,Healthcare,D192_3,12.968599,77.670197,Bengaluru,UPI,PAYMENT,0,normal
U037-20240506172208-17454,U037,2024-05-06 17:22:08,2817.77,M62543,Shopping,D037_1,10.046704,76.207588,Kochi,Debit Card,TRANSFER,0,normal
U040-20240506193349-61408,U040,2024-05-06 19:33:49,2418.57,M29947,Bills,D040_1,26.997831,75.996858,Jaipur,Wallet,REFUND,0,normal
U110-20240507164731-62179,U110,2024-05-07 16:47:31,429.81,M28396,Taxi,D110,26.887542,75.952076,Jaipur,Wallet,TOPUP,0,normal
U155-20240507191254-63116,U155,2024-05-07 19:12:54,367.99,M58754,Bills,D155_1,17.459533,78.415907,Hyderabad,UPI,PAYMENT,0,normal
U171-20240507200551-15279,U171,2024-05-07 20:05:51,827.92,M78225,Fuel,D171_3,12.95606,74.866416,Mangalore,UPI,TOPUP,0,normal
U167-20240507202448-48821,U167,2024-05-07 20:24:48,3009.67,M62179,Shopping,D167,9.985364,76.232539,Kochi,Credit Card,PAYMENT,0,normal
U123-20240507204108-57236,U123,2024-05-07 20:41:08,2843.41,M20151,Electricity,D123_1,19.132877,72.882173,Mumbai,Debit Card,TRANSFER,0,normal
U066-20240508131308-82982,U066,2024-05-08 13:13:08,1992.5,M34559,Bills,D066,13.207145,80.248759,Chennai,Debit Card,TOPUP,0,normal
U126-20240508193744-47654,U126,2024-05-08 19:37:44,52.15,M35269,Education,D126_1,13.107952,80.418973,Chennai,Debit Card,TRANSFER,0,normal
U172-20240508194648-68388,U172,2024-05-08 19:46:48,846.54,M06177,Entertainment,D172_1,13.020705,77.596968,Bengaluru,Wallet,REFUND,0,normal
U030-20240509162054-18323,U030,2024-05-09 16:20:54,578.1,M29468,Subscriptions,D030_1,26.955661,75.991096,Jaipur,Debit Card,PAYMENT,0,normal
U036-20240509195549-55405,U036,2024-05-09 19:55:49,448.04,M34168,Education,D036_3,13.006516,80.410245,Chennai,Wallet,PAYMENT,0,normal
U055-20240510091008-37825,U055,2024-05-10 09:10:08,266.85,M56935,Bills,D055,17.282874,78.410584,Hyderabad,UPI,TRANSFER,0,normal
U013-20240510110248-27459,U013,2024-05-10 11:02:48,344.0,M18643,Subscriptions,D013_1,19.105609,72.758657,Mumbai,Credit Card,TOPUP,0,normal
U193-20240510130732-84007,U193,2024-05-10 13:07:32,216.42,M20084,Taxi,D193,19.12047,72.887913,Mumbai,Debit Card,TRANSFER,0,normal
U020-20240510134114-25259,U020,2024-05-10 13:41:14,108.15,M27040,Healthcare,D020,26.893413,75.810581,Jaipur,Wallet,TRANSFER,0,normal
U174-20240510134339-98784,U174,2024-05-10 13:43:39,675.18,M56768,Bills,D174_1,28.604762,77.072042,Delhi,Wallet,REFUND,0,normal
U029-20240510145051-30709,U029,2024-05-10 14:50:51,408.0,M76794,Shopping,D029_1,26.768743,80.910639,Lucknow,Wallet,TRANSFER,0,normal
U198-20240510180943-38878,U198,2024-05-10 18:09:43,360.37,M23313,Shopping,D198_1,18.4894,73.841939,Pune,Credit Card,TRANSFER,0,normal
U160-20240511115224-75041,U160,2024-05-11 11:52:24,410.33,M28442,Bills,D160_1,26.857537,75.986624,Jaipur,Wallet,REFUND,0,normal
U100-20240511145550-79001,U100,2024-05-11 14:55:50,394.26,M26965,Bills,D100,26.962062,75.734476,Jaipur,Debit Card,PAYMENT,0,normal
U002-20240511150431-52626,U002,2024-05-11 15:04:31,499.72,M05339,Healthcare,D002_1,12.93102,77.602918,Bengaluru,UPI,TRANSFER,0,normal
U153-20240511154616-56804,U153,2024-05-11 15:46:16,249.88,M19549,Healthcare,D153_3,19.141885,72.813008,Mumbai,Debit Card,REFUND,0,normal
U111-20240511193021-39807,U111,2024-05-11 19:30:21,1567.75,M77518,Travel,D111_2,12.906768,74.844989,Mangalore,Wallet,TOPUP,0,normal
U161-20240511211959-67830,U161,2024-05-11 21:19:59,1019.41,M78321,Bills,D161_1,12.91377,74.918282,Mangalore,UPI,PAYMENT,0,normal
U104-20240512100848-69826,U104,2024-05-12 10:08:48,627.85,M58582,Education,D104_2,28.716718,77.141515,Delhi,Credit Card,PAYMENT,0,normal
U019-20240512125709-57557,U019,2024-05-12 12:57:09,391.5,M77961,Shopping,D019,26.832489,80.963652,Lucknow,Debit Card,REFUND,0,normal
U135-20240512214856-29475,U135,2024-05-12 21:48:56,924.25,M60240,Travel,D135_2,17.393932,78.630115,Hyderabad,UPI,PAYMENT,0,normal
U163-20240513114157-83456,U163,2024-05-13 11:41:57,767.13,M19287,Bills,D163,19.109712,72.818942,Mumbai,Wallet,REFUND,0,normal
U086-20240513134025-78714,U086,2024-05-13 13:40:25,306.14,M33602,Shopping,D086_1,13.0424,80.317847,Chennai,Wallet,TRANSFER,0,normal
U186-20240513203646-18454,U186,2024-05-13 20:36:46,309.7,M35259,Taxi,D186_2,13.102367,80.423544,Chennai,Wallet,TRANSFER,0,normal
U039-20240514151804-88829,U039,2024-05-14 15:18:04,170.42,M77028,Electricity,D039_3,26.759926,80.942895,Lucknow,Wallet,TOPUP,1,HIGH_VELOCITY
U115-20240514193213-64920,U115,2024-05-14 19:32:13,847.3,M59981,Electricity,D115_1,17.374716,78.623362,Hyderabad,Credit Card,REFUND,0,normal
U030-20240514193411-40378,U030,2024-05-14 19:34:11,221.74,M27742,Fuel,D030_1,26.960327,75.813878,Jaipur,UPI,TRANSFER,0,normal
U142-20240514201721-85687,U142,2024-05-14 20:17:21,2527.24,M03734,Entertainment,D142,12.782766,77.590612,Bengaluru,Wallet,PAYMENT,0,normal
U009-20240514205457-13190,U009,2024-05-14 20:54:57,758.48,M77755,Taxi,D009_2,26.816608,80.958932,Lucknow,Debit Card,TOPUP,0,normal
U195-20240514213330-76748,U195,2024-05-14 21:33:30,5594.49,M60018,Fuel,D195_3,17.50381,78.498004,Hyderabad,Debit Card,PAYMENT,0,normal
U045-20240514213723-92564,U045,2024-05-14 21:37:23,1066.07,M58828,Restaurants,D045_3,17.356742,78.526026,Hyderabad,Credit Card,TRANSFER,0,normal
U159-20240514220030-15913,U159,2024-05-14 22:00:30,1964.06,M79345,Travel,D159_1,26.884215,81.050332,Lucknow,Wallet,TOPUP,0,normal
U193-20240515090752-30507,U193,2024-05-15 09:07:52,146.36,M19980,Taxi,D193,19.09135,72.906699,Mumbai,Debit Card,PAYMENT,0,normal
U179-20240515120058-84247,U179,2024-05-15 12:00:58,1545.9,M78105,Groceries,D179_1,26.88481,80.925728,Lucknow,Credit Card,REFUND,0,normal
U121-20240515140133-50597,U121,2024-05-15 14:01:33,177.32,M77142,Taxi,D121_1,12.894474,74.819683,Mangalore,Debit Card,TOPUP,0,normal
U103-20240515143502-72048,U103,2024-05-15 14:35:02,435.71,M19420,Healthcare,D103_1,19.05353,72.888502,Mumbai,UPI,REFUND,0,normal
U123-20240515154933-66969,U123,2024-05-15 15:49:33,3222.44,M20462,Fuel,D123_2,19.160659,72.885574,Mumbai,UPI,PAYMENT,0,normal
U084-20240515155544-61907,U084,2024-05-15 15:55:44,1485.72,M59178,Electricity,D084_2,28.694012,77.223765,Delhi,Wallet,TRANSFER,0,normal
U016-20240515175537-82112,U016,2024-05-15 17:55:37,754.81,M34544,Subscriptions,D016,13.136913,80.31749,Chennai,Credit Card,REFUND,0,normal
U087-20240515200809-88494,U087,2024-05-15 20:08:09,487.73,M62000,Education,D087_3,9.845949,76.35409,Kochi,Wallet,REFUND,0,normal
U087-20240516101622-58147,U087,2024-05-16 10:16:22,290.19,M62450,Bills,D087_1,9.913007,76.331954,Kochi,UPI,REFUND,0,normal
U163-20240516104531-43800,U163,2024-05-16 10:45:31,502.82,M19855,Travel,D163,19.103744,72.881734,Mumbai,Credit Card,TOPUP,0,normal
U047-20240516122057-50457,U047,2024-05-16 12:20:57,1038.59,M63949,Fuel,D047_1,9.887551,76.507317,Kochi,Credit Card,PAYMENT,0,normal
U073-20240516191924-75249,U073,2024-05-16 19:19:24,402.52,M19096,Fuel,D073,19.051038,72.858553,Mumbai,UPI,REFUND,0,normal
U162-20240517161226-99756,U162,2024-05-17 16:12:26,20.0,M04946,Healthcare,D162_1,12.922498,77.572062,Bengaluru,Credit Card,PAYMENT,0,normal
U164-20240518094550-64554,U164,2024-05-18 09:45:50,1619.96,M57417,Taxi,D164_1,28.559169,77.182536,Delhi,Wallet,TOPUP,0,normal
U196-20240518121220-34529,U196,2024-05-18 12:12:20,415.58,M33947,Travel,D196_1,13.100645,80.294038,Chennai,Debit Card,TRANSFER,0,normal
U177-20240518121756-37506,U177,2024-05-18 12:17:56,208.51,M61539,Electricity,D177_2,9.819802,76.334074,Kochi,Wallet,TOPUP,0,normal
U054-20240518144841-93147,U054,2024-05-18 14:48:41,537.76,M57173,Taxi,D054_1,28.680735,77.036538,Delhi,Credit Card,TOPUP,0,normal
U094-20240518152628-17149,U094,2024-05-18 15:26:28,1281.51,M56908,Groceries,D094_1,28.554395,77.136415,Delhi,UPI,PAYMENT,0,normal
U039-20240519142554-91465,U039,2024-05-19 14:25:54,354.39,M77875,Taxi,D039_1,26.826287,80.961258,Lucknow,Credit Card,TOPUP,0,normal
U138-20240519172837-39238,U138,2024-05-19 17:28:37,1059.71,M23340,Education,D138_1,18.480489,73.853503,Pune,Credit Card,PAYMENT,0,normal
U016-20240519201429-13320,U016,2024-05-19 20:14:29,902.08,M34408,Shopping,D016_1,13.139229,80.301545,Chennai,Debit Card,REFUND,0,normal
U126-20240519201656-91371,U126,2024-05-19 20:16:56,67.09,M35271,Fuel,D126_1,13.067514,80.459615,Chennai,Wallet,PAYMENT,0,normal
U067-20240520103824-21816,U067,2024-05-20 10:38:24,1408.73,M62977,Shopping,D067,9.901961,76.395732,Kochi,Debit Card,TOPUP,0,normal
U107-20240520204458-14056,U107,2024-05-20 20:44:58,416.68,M62317,Healthcare,D107_1,9.937821,76.293856,Kochi,Debit Card,TRANSFER,0,normal
U167-20240521133654-60932,U167,2024-05-21 13:36:54,1435.57,M62898,Shopping,D167_2,9.979694,76.310088,Kochi,UPI,PAYMENT,0,normal
U161-20240521165153-80798,U161,2024-05-21 16:51:53,559.54,M78001,Bills,D161_2,12.908173,74.891897,Mangalore,Credit Card,REFUND,0,normal
U003-20240521173130-80623,U003,2024-05-21 17:31:30,438.95,M19476,Shopping,D003_2,19.10915,72.838435,Mumbai,Debit Card,REFUND,0,normal
U095-20240521175859-56729,U095,2024-05-21 17:58:59,168.12,M57405,Subscriptions,D095_1,17.450553,78.2899,Hyderabad,Wallet,PAYMENT,0,normal
U030-20240521183320-58912,U030,2024-05-21 18:33:20,670.58,M29036,Electricity,D030_1,26.942752,75.960894,Jaipur,Wallet,REFUND,0,normal
U171-20240521195856-43029,U171,2024-05-21 19:58:56,1279.95,M78710,Education,D171_2,12.987669,74.883281,Mangalore,Wallet,TOPUP,0,normal
U078-20240521203609-66412,U078,2024-05-21 20:36:09,578.7,M26071,Shopping,D078_2,18.523323,74.083826,Pune,Wallet,REFUND,0,normal
U137-20240522052452-76190,U137,2024-05-22 05:24:52,3499.49,M61247,Fuel,D1137,19.087881,72.876866,Mumbai,Debit Card,PAYMENT,1,ACCOUNT_TAKEOVER
U051-20240522103749-12759,U051,2024-05-22 10:37:49,1149.72,M78203,Shopping,D051_1,12.928263,74.89204,Mangalore,Credit Card,TOPUP,0,normal
U157-20240522121749-86535,U157,2024-05-22 12:17:49,222.58,M61641,Entertainment,D157,9.950146,76.213936,Kochi,Wallet,PAYMENT,0,normal
U036-20240522140322-45520,U036,2024-05-22 14:03:22,462.98,M33151,Bills,D036_2,12.969284,80.345811,Chennai,Wallet,TRANSFER,0,normal
U034-20240522142003-51373,U034,2024-05-22 14:20:03,272.03,M57619,Taxi,D034,28.654113,77.107754,Delhi,Debit Card,PAYMENT,0,normal
U080-20240522152347-99377,U080,2024-05-22 15:23:47,599.86,M27482,Taxi,D080_1,26.931286,75.816953,Jaipur,Wallet,TRANSFER,0,normal
U072-20240522155431-85985,U072,2024-05-22 15:54:31,1054.81,M04376,Subscriptions,D072_2,12.894282,77.543332,Bengaluru,Debit Card,TRANSFER,0,normal
U097-20240523132233-47973,U097,2024-05-23 13:22:33,461.96,M60327,Restaurants,D097,9.817823,76.214828,Kochi,Wallet,TRANSFER,0,normal
U011-20240523133008-67121,U011,2024-05-23 13:30:08,3581.03,M76868,Shopping,D011_1,12.878796,74.808004,Mangalore,UPI,REFUND,0,normal
U107-20240523134656-70643,U107,2024-05-23 13:46:56,20.0,M61283,Subscriptions,D107_2,9.923478,76.204814,Kochi,UPI,PAYMENT,0,normal
U052-20240523172732-30066,U052,2024-05-23 17:27:32,310.81,M04153,Taxi,D052_1,12.897101,77.518163,Bengaluru,Debit Card,REFUND,0,normal
U114-20240523173304-69962,U114,2024-05-23 17:33:04,1616.8,M55889,Shopping,D114_2,28.565234,77.023635,Delhi,UPI,TOPUP,0,normal
U021-20240523181957-13697,U021,2024-05-23 18:19:57,685.92,M76609,Healthcare,D021,12.81299,74.847893,Mangalore,UPI,TRANSFER,0,normal
U007-20240523202608-75637,U007,2024-05-23 20:26:08,289.08,M60333,Shopping,D007_1,9.860873,76.172404,Kochi,Wallet,TRANSFER,0,normal
U041-20240523213912-44103,U041,2024-05-23 21:39:12,1217.5,M76875,Education,D041,12.869303,74.818148,Mangalore,Debit Card,TRANSFER,0,normal
U178-20240524141739-91171,U178,2024-05-24 14:17:39,2606.19,M24408,Subscriptions,D178,18.527553,73.913288,Pune,Credit Card,TOPUP,0,normal
U144-20240524143203-31317,U144,2024-05-24 14:32:03,3314.35,M60596,Groceries,D144_3,28.635364,77.424253,Delhi,Credit Card,TOPUP,0,normal
U121-20240524145926-76068,U121,2024-05-24 14:59:26,110.73,M76797,Subscriptions,D121,12.912558,74.767151,Mangalore,UPI,TRANSFER,0,normal
U054-20240524192840-28442,U054,2024-05-24 19:28:40,462.58,M58244,Education,D054,28.653426,77.170943,Delhi,UPI,TOPUP,0,normal
U083-20240524215554-68645,U083,2024-05-24 21:55:54,1452.72,M18553,Subscriptions,D083_1,19.084781,72.770498,Mumbai,UPI,TOPUP,0,normal
U013-20240525092447-68318,U013,2024-05-25 09:24:47,440.12,M18822,Travel,D013_1,19.091491,72.790734,Mumbai,Debit Card,TOPUP,1,HIGH_VELOCITY
U122-20240525095642-15143,U122,2024-05-25 09:56:42,311.64,M05795,Groceries,D122,12.925354,77.654153,Bengaluru,Debit Card,TRANSFER,0,normal
U117-20240525152103-36142,U117,2024-05-25 15:21:03,148.74,M60820,Shopping,D117_2,9.905595,76.176403,Kochi,Wallet,REFUND,0,normal
U184-20240525173145-53406,U184,2024-05-25 17:31:45,623.6,M57469,Subscriptions,D184,28.605422,77.141463,Delhi,Credit Card,TOPUP,0,normal
U173-20240525185406-63368,U173,2024-05-25 18:54:06,1031.76,M20455,Shopping,D173_2,19.014141,73.031352,Mumbai,UPI,REFUND,0,normal
U059-20240525190733-12044,U059,2024-05-25 19:07:33,2801.49,M75074,Fuel,D059_1,26.879548,80.62785,Lucknow,Debit Card,TRANSFER,0,normal
U166-20240525202030-70882,U166,2024-05-25 20:20:30,27.34,M32289,Healthcare,D166_1,12.956471,80.272457,Chennai,Debit Card,TRANSFER,0,normal
U154-20240526051835-54317,U154,2024-05-26 05:18:35,282.1,M59890,Electricity,D154_1,28.656616,77.332415,Delhi,Debit Card,REFUND,1,UNUSUAL_TIME
U104-20240526140933-64985,U104,2024-05-26 14:09:33,658.05,M57410,Taxi,D104,28.599209,77.141828,Delhi,Debit Card,REFUND,0,normal
U186-20240526143655-97317,U186,2024-05-26 14:36:55,356.96,M35860,Taxi,D186_2,13.120653,80.465375,Chennai,Wallet,TOPUP,0,normal
U113-20240526153521-77809,U113,2024-05-26 15:35:21,720.47,M18182,Education,D113_2,18.994723,72.823461,Mumbai,UPI,TOPUP,0,normal
U191-20240526165040-30929,U191,2024-05-26 16:50:40,477.55,M78503,Subscriptions,D191_1,12.966651,74.883621,Mangalore,UPI,REFUND,0,normal
U033-20240526181632-68319,U033,2024-05-26 18:16:32,375.65,M20867,Entertainment,D033_2,19.101717,72.984955,Mumbai,Debit Card,TRANSFER,0,normal
U009-20240526201819-62520,U009,2024-05-26 20:18:19,650.64,M77044,Electricity,D009_1,26.864265,80.840119,Lucknow,Debit Card,TOPUP,0,normal
U186-20240526203646-57053,U186,2024-05-26 20:36:46,317.78,M35652,Travel,D186,13.088666,80.47657,Chennai,Credit Card,TOPUP,0,normal
U190-20240527115338-52628,U190,2024-05-27 11:53:38,678.89,M28417,Groceries,D190_1,26.929034,75.912713,Jaipur,Credit Card,TRANSFER,0,normal
U082-20240527154837-61113,U082,2024-05-27 15:48:37,79.39,M04320,Subscriptions,D082_1,12.923706,77.508261,Bengaluru,Debit Card,REFUND,0,normal
U086-20240527164311-42277,U086,2024-05-27 16:43:11,214.63,M33563,Travel,D086,13.029972,80.326314,Chennai,Credit Card,TOPUP,0,normal
U186-20240527175140-66971,U186,2024-05-27 17:51:40,349.17,M35653,Entertainment,D186_1,13.123505,80.441843,Chennai,Wallet,TRANSFER,0,normal
U023-20240527193928-55633,U023,2024-05-27 19:39:28,3176.16,M20429,Bills,D023_1,19.135806,72.907063,Mumbai,Credit Card,REFUND,1,HIGH_AMOUNT
U131-20240527194641-67235,U131,2024-05-27 19:46:41,634.59,M78290,Shopping,D131_1,19.126169,72.861599,Mumbai,UPI,PAYMENT,1,LOCATION_ANOMALY
U195-20240527223855-17381,U195,2024-05-27 22:38:55,9397.85,M60027,Bills,D195_3,17.515896,78.486766,Hyderabad,Debit Card,TOPUP,0,normal
U037-20240528192009-52149,U037,2024-05-28 19:20:09,1676.2,M61340,Bills,D037_1,10.016619,76.117424,Kochi,Credit Card,REFUND,0,normal
U153-20240529152344-89789,U153,2024-05-29 15:23:44,148.83,M20477,Healthcare,D153_1,19.148523,72.899187,Mumbai,Credit Card,PAYMENT,0,normal
U152-20240529191311-55508,U152,2024-05-29 19:13:11,2493.1,M04522,Entertainment,D152_1,12.912889,77.539342,Bengaluru,Credit Card,TOPUP,0,normal
U058-20240529205839-42398,U058,2024-05-29 20:58:39,137.61,M24946,Subscriptions,D058,18.525466,73.96909,Pune,UPI,TRANSFER,0,normal
U020-20240530121207-33366,U020,2024-05-30 12:12:07,150.3,M27056,Electricity,D020_2,26.836592,75.868973,Jaipur,Debit Card,REFUND,0,normal
U171-20240530124844-14904,U171,2024-05-30 12:48:44,460.32,M78693,Electricity,D171,13.007009,74.862304,Mangalore,Credit Card,TOPUP,0,normal
U132-20240530161558-78126,U132,2024-05-30 16:15:58,721.69,M06334,Bills,D132_1,13.037782,77.595607,Bengaluru,Wallet,TRANSFER,0,normal
U070-20240530171947-97646,U070,2024-05-30 17:19:47,668.56,M26223,Fuel,D070,26.916241,75.706038,Jaipur,Credit Card,TRANSFER,0,normal
U146-20240531105024-28252,U146,2024-05-31 10:50:24,314.18,M33738,Bills,D146_2,13.050676,80.323157,Chennai,UPI,PAYMENT,0,normal
U076-20240531115606-67918,U076,2024-05-31 11:56:06,520.43,M33636,Shopping,D076_1,13.087766,80.275818,Chennai,Debit Card,TRANSFER,0,normal
U161-20240531134007-24010,U161,2024-05-31 13:40:07,880.01,M78417,Bills,D161_1,12.879703,74.961972,Mangalore,Wallet,TRANSFER,0,normal
U106-20240531140838-64664,U106,2024-05-31 14:08:38,472.57,M34512,Bills,D106_1,13.104219,80.346935,Chennai,Credit Card,REFUND,0,normal
U156-20240531170236-44496,U156,2024-05-31 17:02:36,2173.47,M33499,Restaurants,D156,13.089646,80.260278,Chennai,UPI,PAYMENT,0,normal
U044-20240531173954-64929,U044,2024-05-31 17:39:54,341.7,M58541,Shopping,D044,28.581223,77.272841,Delhi,Debit Card,TRANSFER,0,normal
U038-20240531175937-40632,U038,2024-05-31 17:59:37,204.64,M24117,Travel,D038,18.46867,73.943056,Pune,Credit Card,PAYMENT,0,normal
U062-20240601091858-55117,U062,2024-06-01 09:18:58,623.04,M06355,Restaurants,D062_2,12.964507,77.670989,Bengaluru,Debit Card,TOPUP,0,normal
U149-20240601121258-64786,U149,2024-06-01 12:12:58,407.04,M77236,Fuel,D149_2,26.813383,80.910252,Lucknow,Wallet,TRANSFER,0,normal
U119-20240601133932-27346,U119,2024-06-01 13:39:32,1274.33,M77632,Electricity,D119_1,26.758283,81.004935,Lucknow,UPI,TRANSFER,0,normal
U153-20240601145215-40989,U153,2024-06-01 14:52:15,479.43,M19900,Restaurants,D153_1,19.251206,72.738832,Mumbai,Credit Card,REFUND,0,normal
U024-20240601150949-88625,U024,2024-06-01 15:09:49,3275.04,M58567,Groceries,D024,28.549536,77.307186,Delhi,Credit Card,PAYMENT,0,normal
U087-20240601164910-60751,U087,2024-06-01 16:49:10,442.07,M62290,Electricity,D087,9.894404,76.334643,Kochi,Credit Card,TRANSFER,0,normal
U107-20240601165617-98895,U107,2024-06-01 16:56:17,685.78,M62620,Subscriptions,D107_2,9.951206,76.310841,Kochi,UPI,TRANSFER,0,normal
U042-20240601180712-24173,U042,2024-06-01 18:07:12,2046.97,M04325,Bills,D042_2,12.966125,77.466396,Bengaluru,Debit Card,REFUND,0,normal
U135-20240601181944-21811,U135,2024-06-01 18:19:44,146.58,M59450,Restaurants,D135_1,17.322656,78.622351,Hyderabad,Credit Card,TOPUP,0,normal
U137-20240601193837-88036,U137,2024-06-01 19:38:37,792.11,M62220,Travel,D137_1,9.940426,76.230792,Kochi,Wallet,REFUND,1,LOCATION_ANOMALY
U161-20240602120526-63835,U161,2024-06-02 12:05:26,1025.75,M77975,Fuel,D161_1,12.901333,74.896203,Mangalore,Wallet,REFUND,0,normal
U119-20240602162434-11432,U119,2024-06-02 16:24:34,1218.47,M78508,Fuel,D119_2,26.806669,81.044146,Lucknow,Credit Card,PAYMENT,0,normal
U145-20240602172543-68609,U145,2024-06-02 17:25:43,1449.88,M58305,Taxi,D145,17.333372,78.497151,Hyderabad,Debit Card,REFUND,0,normal
U113-20240602225927-89181,U113,2024-06-02 22:59:27,486.35,M19899,Bills,D113_1,19.053508,72.936395,Mumbai,UPI,PAYMENT,0,normal
U153-20240603100818-20978,U153,2024-06-03 10:08:18,507.82,M20406,Entertainment,D153,19.206317,72.834291,Mumbai,UPI,REFUND,0,normal
U191-20240603125011-50934,U191,2024-06-03 12:50:11,207.4,M77583,Subscriptions,D191_2,12.962994,74.795337,Mangalore,Wallet,TOPUP,0,normal
U077-20240603153921-55057,U077,2024-06-03 15:39:21,785.47,M63516,Electricity,D077_1,9.879979,76.471573,Kochi,Debit Card,PAYMENT,0,normal
U052-20240603162124-40251,U052,2024-06-03 16:21:24,787.98,M04577,Subscriptions,D052,12.89588,77.561805,Bengaluru,Wallet,PAYMENT,0,normal
U054-20240603200410-59727,U054,2024-06-03 20:04:10,66.32,M57862,Restaurants,D054,28.684607,77.10164,Delhi,Credit Card,PAYMENT,0,normal
U114-20240604160257-96014,U114,2024-06-04 16:02:57,518.31,M56091,Travel,D114_3,28.592255,77.016844,Delhi,Wallet,TRANSFER,0,normal
U132-20240604171004-69641,U132,2024-06-04 17:10:04,609.79,M07116,Electricity,D132_1,13.065498,77.646124,Bengaluru,Debit Card,TRANSFER,0,normal
U116-20240604184549-36983,U116,2024-06-04 18:45:49,2097.37,M34521,Fuel,D116,13.100368,80.351744,Chennai,Wallet,REFUND,0,normal
U131-20240604200720-36862,U131,2024-06-04 20:07:20,324.64,M77415,Restaurants,D131_1,12.86137,74.880092,Mangalore,Wallet,PAYMENT,0,normal
U004-20240606120701-76939,U004,2024-06-06 12:07:01,220.94,M58448,Taxi,D004,28.600124,77.244701,Delhi,Wallet,TOPUP,0,normal
U100-20240606123257-47476,U100,2024-06-06 12:32:57,725.98,M26981,Electricity,D100,26.971374,75.726773,Jaipur,UPI,REFUND,0,normal
U176-20240606144011-30200,U176,2024-06-06 14:40:11,1220.53,M34266,Groceries,D176_1,13.108348,80.318209,Chennai,Credit Card,REFUND,0,normal
U064-20240606153927-70716,U064,2024-06-06 15:39:27,376.75,M59007,Bills,D064_1,28.603799,77.296927,Delhi,UPI,TRANSFER,0,normal
U029-20240606170702-24382,U029,2024-06-06 17:07:02,953.25,M77580,Entertainment,D029,26.83756,80.920476,Lucknow,Credit Card,TRANSFER,0,normal
U016-20240606181127-66678,U016,2024-06-06 18:11:27,403.73,M34763,Travel,D016,13.141085,80.335211,Chennai,UPI,REFUND,0,normal
U163-20240606184343-75292,U163,2024-06-06 18:43:43,303.87,M19173,Healthcare,D163_1,19.086158,72.83114,Mumbai,Credit Card,TRANSFER,0,normal
U004-20240606190153-24886,U004,2024-06-06 19:01:53,1796.27,M58691,Taxi,D004_1,28.594845,77.274294,Delhi,UPI,TRANSFER,0,normal
U138-20240606194742-45556,U138,2024-06-06 19:47:42,1264.48,M23311,Travel,D138_2,18.518883,73.812176,Pune,Debit Card,PAYMENT,0,normal
U061-20240607090415-95895,U061,2024-06-07 09:04:15,20.0,M78077,Bills,D061_1,12.868396,74.939272,Mangalore,Debit Card,TRANSFER,0,normal
U100-20240607112720-77472,U100,2024-06-07 11:27:20,413.15,M26599,Groceries,D100_1,26.954792,75.705092,Jaipur,Debit Card,TRANSFER,0,normal
U002-20240607113955-97811,U002,2024-06-07 11:39:55,770.49,M04657,Taxi,D002,12.92049,77.545183,Bengaluru,Debit Card,TRANSFER,0,normal
U014-20240607120524-80801,U014,2024-06-07 12:05:24,231.66,M57916,Shopping,D014_1,28.587337,77.20425,Delhi,UPI,TOPUP,0,normal
U091-20240607130607-65491,U091,2024-06-07 13:06:07,343.33,M78378,Shopping,D091_1,12.890852,74.946967,Mangalore,Credit Card,TOPUP,0,normal
U147-20240607133539-17992,U147,2024-06-07 13:35:39,20.0,M60189,Fuel,D147_3,9.886957,76.131976,Kochi,UPI,TOPUP,0,normal
U109-20240607143759-55658,U109,2024-06-07 14:37:59,1035.12,M76941,Taxi,D109,26.792836,80.901242,Lucknow,Credit Card,REFUND,0,normal
U102-20240607160550-44825,U102,2024-06-07 16:05:50,1654.74,M05566,Education,D102_1,12.964412,77.592199,Bengaluru,UPI,REFUND,0,normal
U044-20240607162711-25852,U044,2024-06-07 16:27:11,282.74,M57077,Restaurants,D044_2,28.522683,77.184996,Delhi,UPI,TOPUP,0,normal
U045-20240607185617-12391,U045,2024-06-07 18:56:17,521.28,M59587,Education,D045_2,17.407609,78.551075,Hyderabad,Credit Card,TRANSFER,0,normal
U025-20240607194941-69865,U025,2024-06-07 19:49:41,736.71,M59330,Bills,D025_1,17.42214,78.5109,Hyderabad,UPI,TOPUP,0,normal
U006-20240607195117-79574,U006,2024-06-07 19:51:17,373.13,M32017,Entertainment,D006_1,13.00267,80.199054,Chennai,Debit Card,TOPUP,0,normal
U080-20240608094305-84408,U080,2024-06-08 09:43:05,475.39,M26559,Taxi,D080_1,26.90329,75.752615,Jaipur,UPI,TRANSFER,0,normal
U008-20240608132520-64402,U008,2024-06-08 13:25:20,749.66,M22875,Bills,D008,18.488144,73.799311,Pune,UPI,TRANSFER,0,normal
U036-20240608134445-65961,U036,2024-06-08 13:44:45,647.26,M34253,Travel,D036,13.036815,80.388528,Chennai,UPI,PAYMENT,0,normal
U189-20240608142615-94004,U189,2024-06-08 14:26:15,438.68,M77177,Groceries,D189,26.86827,80.849441,Lucknow,UPI,PAYMENT,0,normal
U092-20240608162746-53222,U092,2024-06-08 16:27:46,757.87,M05429,Subscriptions,D092,13.043085,77.499804,Bengaluru,Credit Card,TRANSFER,0,normal
U170-20240608173819-96418,U170,2024-06-08 17:38:19,7885.89,M24687,Restaurants,D170_2,26.892817,75.575875,Jaipur,UPI,PAYMENT,0,normal
U192-20240609160159-39388,U192,2024-06-09 16:01:59,1179.09,M06769,Bills,D192_1,13.029094,77.647759,Bengaluru,Wallet,TOPUP,0,normal
U145-20240609190859-50128,U145,2024-06-09 19:08:59,1399.38,M59724,Bills,D145_1,17.379644,78.592734,Hyderabad,UPI,TOPUP,0,normal
U183-20240610101547-88415,U183,2024-06-10 10:15:47,1390.5,M20323,Restaurants,D183_3,19.080919,72.951409,Mumbai,Wallet,TOPUP,0,normal
U102-20240610143338-89307,U102,2024-06-10 14:33:38,841.53,M05455,Electricity,D102_3,12.86293,77.68253,Bengaluru,UPI,PAYMENT,0,normal
U165-20240610145057-22811,U165,2024-06-10 14:50:57,388.15,M60717,Fuel,D165_2,17.432713,78.639016,Hyderabad,Credit Card,REFUND,0,normal
U042-20240610150842-28235,U042,2024-06-10 15:08:42,1744.26,M03758,Bills,D042_3,12.923896,77.451915,Bengaluru,Credit Card,PAYMENT,0,normal
U022-20240610174057-87510,U022,2024-06-10 17:40:57,1545.81,M06895,Healthcare,D022,12.977159,77.712311,Bengaluru,Debit Card,PAYMENT,0,normal
U190-20240610181405-26626,U190,2024-06-10 18:14:05,491.31,M28362,Groceries,D190_1,26.929898,75.906263,Jaipur,Debit Card,REFUND,0,normal
U062-20240610202550-95795,U062,2024-06-10 20:25:50,1660.97,M06567,Shopping,D062_1,12.990974,77.665692,Bengaluru,Wallet,TRANSFER,0,normal
U020-20240611152855-63808,U020,2024-06-11 15:28:55,350.42,M27408,Healthcare,D020_1,26.896646,75.844127,Jaipur,Credit Card,PAYMENT,0,normal
U070-20240611155558-47078,U070,2024-06-11 15:55:58,1169.14,M26049,Restaurants,D070_1,26.884517,75.72039,Jaipur,UPI,PAYMENT,0,normal
U196-20240612120915-35107,U196,2024-06-12 12:09:15,346.33,M33845,Fuel,D196,13.161754,80.222703,Chennai,Wallet,TRANSFER,0,normal
U087-20240612125152-84577,U087,2024-06-12 12:51:52,660.95,M62792,Subscriptions,D087,9.9451,76.334146,Kochi,UPI,TOPUP,0,normal
U032-20240612131939-95503,U032,2024-06-12 13:19:39,213.41,M05576,Entertainment,D032,12.947084,77.610509,Bengaluru,Wallet,PAYMENT,0,normal
U057-20240612132545-89937,U057,2024-06-12 13:25:45,579.53,M63619,Restaurants,D057_2,9.955461,76.406471,Kochi,Credit Card,PAYMENT,0,normal
U171-20240612143541-15234,U171,2024-06-12 14:35:41,835.27,M78089,Fuel,D171_1,12.907048,74.901822,Mangalore,Debit Card,PAYMENT,0,normal
U102-20240612184206-54357,U102,2024-06-12 18:42:06,1410.1,M06079,Restaurants,D102_2,12.941824,77.666111,Bengaluru,Wallet,PAYMENT,0,normal
U032-20240612205436-80896,U032,2024-06-12 20:54:36,687.58,M05128,Taxi,D032,12.9189,77.593911,Bengaluru,Debit Card,REFUND,0,normal
U117-20240613120827-24434,U117,2024-06-13 12:08:27,229.91,M61165,Travel,D117_1,12.96382,77.598441,Bengaluru,Debit Card,PAYMENT,1,LOCATION_ANOMALY
U072-20240613164237-47656,U072,2024-06-13 16:42:37,982.66,M04894,Taxi,D072,12.872578,77.616851,Bengaluru,Debit Card,REFUND,0,normal
U004-20240613173434-70074,U004,2024-06-13 17:34:34,515.03,M58715,Electricity,D004_1,28.608164,77.263299,Delhi,Credit Card,PAYMENT,0,normal
U030-20240613204901-29475,U030,2024-06-13 20:49:01,816.37,M28797,Fuel,D030_2,26.920642,75.95901,Jaipur,Credit Card,PAYMENT,0,normal
U171-20240613211852-14050,U171,2024-06-13 21:18:52,513.0,M79508,Fuel,D171_3,12.982147,74.968695,Mangalore,Wallet,PAYMENT,0,normal
U193-20240613215951-58636,U193,2024-06-13 21:59:51,50.06,M20341,Entertainment,D193,19.085979,72.948089,Mumbai,UPI,TOPUP,0,normal
U066-20240614134738-92909,U066,2024-06-14 13:47:38,510.75,M33780,Groceries,D066_1,13.162973,80.215049,Chennai,UPI,TRANSFER,0,normal
U071-20240614135613-45588,U071,2024-06-14 13:56:13,140.37,M77579,Taxi,D071_1,12.900115,74.857798,Mangalore,Debit Card,REFUND,0,normal
U036-20240614140403-93973,U036,2024-06-14 14:04:03,242.71,M33243,Restaurants,D1036,12.972212,80.352112,Chennai,Debit Card,TOPUP,1,NEW_DEVICE
U113-20240614150001-63125,U113,2024-06-14 15:00:01,900.41,M19359,Electricity,D113_1,19.053033,72.882819,Mumbai,Credit Card,REFUND,0,normal
U175-20240614161855-42314,U175,2024-06-14 16:18:55,2144.21,M59192,Electricity,D175,17.455271,78.463929,Hyderabad,Debit Card,TOPUP,0,normal
U185-20240614191603-97087,U185,2024-06-14 19:16:03,86.86,M59113,Entertainment,D185_2,17.507476,78.403847,Hyderabad,Debit Card,TOPUP,0,normal
U200-20240615003320-91236,U200,2024-06-15 00:33:20,9952.45,M27933,Restaurants,D1200,13.041639,77.538257,Bengaluru,Credit Card,REFUND,1,ACCOUNT_TAKEOVER
U025-20240615062607-24644,U025,2024-06-15 06:26:07,4564.76,M59500,Groceries,D1025,10.023971,76.246353,Kochi,Wallet,TRANSFER,1,ACCOUNT_TAKEOVER
U054-20240615181245-34597,U054,2024-06-15 18:12:45,747.42,M57256,Subscriptions,D054_2,28.640341,77.085251,Delhi,Credit Card,REFUND,0,normal
U025-20240615183433-54473,U025,2024-06-15 18:34:33,1616.94,M58739,Education,D025,17.418354,78.455584,Hyderabad,Wallet,REFUND,0,normal
U168-20240615195440-40551,U168,2024-06-15 19:54:40,516.92,M22862,Entertainment,D168_1,18.42342,73.862748,Pune,Debit Card,REFUND,0,normal
U109-20240616093743-46888,U109,2024-06-16 09:37:43,563.3,M77536,Healthcare,D109_1,26.760463,80.993151,Lucknow,UPI,PAYMENT,0,normal
U189-20240616124529-67491,U189,2024-06-16 12:45:29,41.65,M77234,Travel,D189_3,26.831188,80.892168,Lucknow,Credit Card,TRANSFER,0,normal
U054-20240616130633-98007,U054,2024-06-16 13:06:33,149.7,M57574,Healthcare,D054,28.639391,77.11799,Delhi,Wallet,TRANSFER,0,normal
U163-20240616140451-86156,U163,2024-06-16 14:04:51,821.14,M18760,Groceries,D163_1,19.1125,72.763479,Mumbai,Debit Card,TOPUP,0,normal
U172-20240616141100-65735,U172,2024-06-16 14:11:00,1157.62,M06351,Electricity,D172,13.01342,77.621653,Bengaluru,UPI,TRANSFER,0,normal
U127-20240616161128-77406,U127,2024-06-16 16:11:28,500.51,M60571,Entertainment,D127_1,9.847627,76.20943,Kochi,Credit Card,TRANSFER,0,normal
U115-20240617103944-38098,U115,2024-06-17 10:39:44,364.89,M59621,Fuel,D115,17.364639,78.597497,Hyderabad,Wallet,TOPUP,0,normal
U111-20240617162226-28370,U111,2024-06-17 16:22:26,1103.44,M77434,Shopping,D111_1,12.885014,74.858354,Mangalore,Debit Card,TRANSFER,0,normal
U001-20240617165053-74912,U001,2024-06-17 16:50:53,970.86,M77430,Healthcare,D001,12.888774,74.854237,Mangalore,UPI,PAYMENT,0,normal
U081-20240617204600-80320,U081,2024-06-17 20:46:00,1014.09,M78724,Fuel,D081_2,12.912441,74.959972,Mangalore,Wallet,TOPUP,0,normal
U073-20240617220459-67679,U073,2024-06-17 22:04:59,682.75,M19317,Electricity,D073_1,19.036603,72.895104,Mumbai,Credit Card,REFUND,0,normal
U013-20240618092950-58651,U013,2024-06-18 09:29:50,293.69,M19118,Taxi,D013,19.124183,72.787662,Mumbai,Credit Card,TRANSFER,0,normal
U178-20240618161304-65568,U178,2024-06-18 16:13:04,1982.69,M25283,Shopping,D178_1,18.545666,73.982663,Pune,UPI,TRANSFER,1,MERCHANT_ANOMALY
U189-20240618175936-47284,U189,2024-06-18 17:59:36,662.73,M76760,Restaurants,D189,26.759224,80.916808,Lucknow,Wallet,PAYMENT,0,normal
U037-20240618182215-86735,U037,2024-06-18 18:22:15,2688.4,M60794,Electricity,D037,9.999362,76.079993,Kochi,Credit Card,PAYMENT,0,normal
U151-20240618190109-95088,U151,2024-06-18 19:01:09,561.04,M78288,Electricity,D151,12.868,74.960776,Mangalore,Credit Card,PAYMENT,0,normal
U083-20240618191850-32335,U083,2024-06-18 19:18:50,184.71,M18614,Restaurants,D083_1,19.083332,72.778026,Mumbai,Debit Card,TOPUP,0,normal
U173-20240618225348-94276,U173,2024-06-18 22:53:48,1008.74,M20877,Taxi,D173,19.091963,72.995776,Mumbai,Wallet,TRANSFER,0,normal
U139-20240619094156-29504,U139,2024-06-19 09:41:56,292.73,M78062,Bills,D139,26.744485,81.06172,Lucknow,UPI,TOPUP,0,normal
U058-20240619135106-41976,U058,2024-06-19 13:51:06,1551.46,M24548,Shopping,D058,18.521821,73.932947,Pune,Credit Card,PAYMENT,0,normal
U103-20240619135347-96346,U103,2024-06-19 13:53:47,750.57,M19180,Groceries,D1103,19.060974,72.857004,Mumbai,Credit Card,TRANSFER,1,NEW_DEVICE
U128-20240619142638-62833,U128,2024-06-19 14:26:38,306.15,M23544,Entertainment,D128_2,18.519261,73.835143,Pune,UPI,TRANSFER,0,normal
U085-20240619145713-61987,U085,2024-06-19 14:57:13,89.58,M59612,Healthcare,D085,17.403263,78.557891,Hyderabad,Debit Card,PAYMENT,0,normal
U172-20240619152224-22945,U172,2024-06-19 15:22:24,2369.33,M05990,Electricity,D172_1,12.973933,77.625042,Bengaluru,Debit Card,REFUND,0,normal
U071-20240619161710-63240,U071,2024-06-19 16:17:10,166.34,M78631,Groceries,D071_2,12.941716,74.921423,Mangalore,Debit Card,PAYMENT,0,normal
U114-20240619180651-96671,U114,2024-06-19 18:06:51,760.54,M55184,Shopping,D114_1,28.504908,77.013486,Delhi,Wallet,TRANSFER,0,normal
U093-20240619190447-10955,U093,2024-06-19 19:04:47,1486.71,M19740,Electricity,D093_2,19.091541,72.882459,Mumbai,UPI,TRANSFER,0,normal
U012-20240619201646-70047,U012,2024-06-19 20:16:46,629.0,M06043,Shopping,D012_2,13.08282,77.521454,Bengaluru,Debit Card,REFUND,0,normal
U179-20240619211546-92412,U179,2024-06-19 21:15:46,2133.94,M78918,Electricity,D179,26.92644,80.965327,Lucknow,Wallet,TOPUP,0,normal
U154-20240620131023-46289,U154,2024-06-20 13:10:23,1551.56,M60401,Taxi,D154,28.738354,77.30177,Delhi,Debit Card,PAYMENT,0,normal
U058-20240620140150-20430,U058,2024-06-20 14:01:50,1172.73,M24452,Bills,D058,18.506735,73.93847,Pune,Debit Card,PAYMENT,0,normal
U078-20240620142146-57926,U078,2024-06-20 14:21:46,395.05,M25484,Restaurants,D078_2,18.524405,74.023993,Pune,Wallet,REFUND,0,normal
U198-20240620181919-98024,U198,2024-06-20 18:19:19,488.33,M23528,Groceries,D198_1,18.544792,73.807968,Pune,Credit Card,PAYMENT,0,normal
U198-20240620183100-66555,U198,2024-06-20 18:31:00,195.9,M24554,Education,D198_3,18.550839,73.904554,Pune,Credit Card,TRANSFER,0,normal
U119-20240620212635-14668,U119,2024-06-20 21:26:35,879.47,M78277,Travel,D119_2,26.7806,81.047098,Lucknow,Credit Card,TRANSFER,0,normal
U058-20240621124047-13135,U058,2024-06-21 12:40:47,768.96,M25562,Groceries,D058_1,18.615852,73.940324,Pune,Credit Card,REFUND,0,normal
U017-20240621162815-87682,U017,2024-06-21 16:28:15,873.94,M63531,Education,D017,9.920339,76.432731,Kochi,Wallet,TOPUP,0,normal
U011-20240621172349-62220,U011,2024-06-21 17:23:49,2755.79,M77337,Electricity,D011_1,12.889649,74.844067,Mangalore,UPI,TRANSFER,0,normal
U046-20240621175434-87693,U046,2024-06-21 17:54:34,790.79,M35422,Fuel,D046,13.140714,80.401494,Chennai,Credit Card,TRANSFER,0,normal
U125-20240621211559-18183,U125,2024-06-21 21:15:59,3483.38,M57554,Groceries,D125_2,17.274641,78.480795,Hyderabad,UPI,REFUND,0,normal
U018-20240622022755-95155,U018,2024-06-22 02:27:55,28318.72,M24205,Subscriptions,D1018,13.099866,80.293974,Chennai,Wallet,REFUND,1,ACCOUNT_TAKEOVER
U070-20240622123006-61821,U070,2024-06-22 12:30:06,576.68,M26153,Restaurants,D070,26.89202,75.723302,Jaipur,Wallet,TRANSFER,0,normal
U038-20240623104811-32207,U038,2024-06-23 10:48:11,55.01,M23358,Taxi,D038_1,18.455801,73.879974,Pune,UPI,TOPUP,0,normal
U027-20240623111324-87646,U027,2024-06-23 11:13:24,1000.03,M61776,Restaurants,D027_1,9.955732,76.221916,Kochi,Credit Card,TOPUP,0,normal
U148-20240623171429-56508,U148,2024-06-23 17:14:29,1355.98,M23774,Taxi,D148,18.600053,73.777333,Pune,Wallet,REFUND,0,normal
U106-20240623175250-44053,U106,2024-06-23 17:52:50,289.87,M33459,Healthcare,D106,13.020863,80.325068,Chennai,Wallet,PAYMENT,0,normal
U121-20240623190701-85418,U121,2024-06-23 19:07:01,111.87,M77196,Healthcare,D121_1,12.938754,74.780844,Mangalore,Credit Card,PAYMENT,0,normal
U128-20240624091411-80326,U128,2024-06-24 09:14:11,59.21,M23724,Entertainment,D128_2,18.520113,73.852327,Pune,UPI,REFUND,0,normal
U032-20240624091914-33143,U032,2024-06-24 09:19:14,381.47,M05621,Bills,D032_1,12.920422,77.641712,Bengaluru,Wallet,PAYMENT,0,normal
U057-20240624121350-63314,U057,2024-06-24 12:13:50,567.32,M63789,Restaurants,D057_3,10.005191,76.373747,Kochi,Wallet,TRANSFER,0,normal
U055-20240624133602-62903,U055,2024-06-24 13:36:02,399.99,M57411,Shopping,D055_1,17.37458,78.3665,Hyderabad,Debit Card,TRANSFER,0,normal
U189-20240624150816-93422,U189,2024-06-24 15:08:16,364.88,M76838,Fuel,D189,26.818123,80.865652,Lucknow,Wallet,REFUND,0,normal
U061-20240624164945-43368,U061,2024-06-24 16:49:45,241.86,M77394,Restaurants,D061,12.911938,74.827416,Mangalore,UPI,REFUND,0,normal
U071-20240624170034-90331,U071,2024-06-24 17:00:34,20.0,M78470,Subscriptions,D071_1,12.920979,74.92601,Mangalore,Credit Card,TOPUP,0,normal
U164-20240624175245-33103,U164,2024-06-24 17:52:45,743.15,M57169,Fuel,D164_1,28.568784,77.148127,Delhi,UPI,TRANSFER,0,normal
U042-20240624180138-37053,U042,2024-06-24 18:01:38,2996.61,M03811,Restaurants,D042_1,12.9635,77.417572,Bengaluru,Debit Card,TOPUP,0,normal
U200-20240624195112-29719,U200,2024-06-24 19:51:12,1475.41,M28093,Electricity,D200_2,27.005695,75.803586,Jaipur,UPI,TRANSFER,0,normal
U142-20240624205725-58307,U142,2024-06-24 20:57:25,1898.23,M04073,Education,D142,12.836632,77.570653,Bengaluru,Credit Card,TOPUP,0,normal
U200-20240625100223-79926,U200,2024-06-25 10:02:23,1178.99,M28602,Electricity,D200,26.991794,75.86843,Jaipur,UPI,PAYMENT,0,normal
U179-20240625125251-93321,U179,2024-06-25 12:52:51,2090.63,M78747,Subscriptions,D179_2,26.900188,80.9745,Lucknow,Debit Card,TOPUP,1,MERCHANT_ANOMALY
U136-20240625131422-15992,U136,2024-06-25 13:14:22,1315.38,M35232,Electricity,D136,13.13741,80.385827,Chennai,UPI,TOPUP,0,normal
U018-20240625133912-87009,U018,2024-06-25 13:39:12,23034.65,M23816,Taxi,D018,18.485601,73.895961,Pune,Wallet,PAYMENT,1,HIGH_AMOUNT
U069-20240625164723-91804,U069,2024-06-25 16:47:23,3210.25,M76787,Electricity,D069_2,26.840578,80.838139,Lucknow,UPI,PAYMENT,0,normal
U006-20240625182555-20528,U006,2024-06-25 18:25:55,398.95,M32422,Electricity,D006_2,13.05754,80.184615,Chennai,Wallet,TRANSFER,0,normal
U105-20240625184706-54870,U105,2024-06-25 18:47:06,251.77,M58084,Subscriptions,D105_2,17.313328,78.495055,Hyderabad,Credit Card,REFUND,0,normal
U039-20240625200457-29042,U039,2024-06-25 20:04:57,310.62,M77823,Taxi,D039_2,26.84827,80.934009,Lucknow,Wallet,PAYMENT,0,normal
U175-20240626080343-34825,U175,2024-06-26 08:03:43,565.82,M58906,Healthcare,D175_1,17.437006,78.453593,Hyderabad,UPI,PAYMENT,0,normal
U146-20240626130900-48286,U146,2024-06-26 13:09:00,263.86,M33492,Taxi,D146_1,13.006223,80.342971,Chennai,Debit Card,TRANSFER,0,normal
U102-20240626182515-23484,U102,2024-06-26 18:25:15,335.65,M06204,Groceries,D102_3,12.957552,77.662876,Bengaluru,UPI,TRANSFER,0,normal
U037-20240626191113-62707,U037,2024-06-26 19:11:13,2125.27,M61663,Restaurants,D037_1,10.033832,76.132479,Kochi,UPI,TOPUP,0,normal
U001-20240626203521-13917,U001,2024-06-26 20:35:21,854.57,M77635,Shopping,D001_1,12.86475,74.89877,Mangalore,Debit Card,TOPUP,0,normal
U066-20240626205813-51610,U066,2024-06-26 20:58:13,1401.13,M34225,Groceries,D066,13.158815,80.263656,Chennai,Credit Card,TOPUP,0,normal
U007-20240626223400-23611,U007,2024-06-26 22:34:00,341.99,M60195,Groceries,D007_1,9.903247,76.116207,Kochi,UPI,REFUND,0,normal
U062-20240627120430-77205,U062,2024-06-27 12:04:30,1262.62,M06307,Shopping,D062,12.982161,77.648579,Bengaluru,Debit Card,TOPUP,0,normal
U141-20240627192610-18995,U141,2024-06-27 19:26:10,3118.16,M80286,Subscriptions,D141_1,12.952221,75.076428,Mangalore,UPI,PAYMENT,1,HIGH_AMOUNT
U195-20240627220716-36822,U195,2024-06-27 22:07:16,6739.52,M60467,Entertainment,D195_2,17.543129,78.503578,Hyderabad,Credit Card,REFUND,0,normal
U110-20240628104720-53181,U110,2024-06-28 10:47:20,398.07,M28213,Groceries,D110,26.891992,75.929315,Jaipur,Debit Card,PAYMENT,0,normal
U154-20240628155151-27273,U154,2024-06-28 15:51:51,1242.04,M61074,Groceries,D154,28.710633,77.396796,Delhi,UPI,PAYMENT,0,normal
U095-20240628172526-29704,U095,2024-06-28 17:25:26,126.49,M58437,Education,D095_2,17.447078,78.396616,Hyderabad,Wallet,PAYMENT,0,normal
U101-20240628191642-31313,U101,2024-06-28 19:16:42,1401.55,M77092,Restaurants,D101,12.989858,74.719317,Mangalore,Debit Card,TRANSFER,0,normal
U127-20240629173638-43954,U127,2024-06-29 17:36:38,510.41,M60420,Groceries,D127,9.814252,76.22778,Kochi,Wallet,PAYMENT,0,normal
U048-20240629190355-90079,U048,2024-06-29 19:03:55,4643.43,M22996,Shopping,D048,18.418368,73.881258,Pune,Wallet,TRANSFER,0,normal
U044-20240630132127-99996,U044,2024-06-30 13:21:27,255.79,M56953,Groceries,D044_2,28.570177,77.125095,Delhi,Debit Card,TRANSFER,0,normal
U027-20240630132726-31337,U027,2024-06-30 13:27:26,1090.0,M61898,Electricity,D027_1,9.901683,76.150167,Kochi,Debit Card,PAYMENT,1,LOCATION_ANOMALY
U112-20240630140959-93073,U112,2024-06-30 14:09:59,327.56,M05602,Healthcare,D112,12.927213,77.633,Bengaluru,Wallet,TOPUP,0,normal
U025-20240630141036-91238,U025,2024-06-30 14:10:36,1151.55,M59400,Education,D025,17.400752,78.539288,Hyderabad,Wallet,TOPUP,0,normal
U024-20240630145117-47483,U024,2024-06-30 14:51:17,2628.49,M58571,Healthcare,D024_2,28.598869,77.258236,Delhi,Debit Card,TRANSFER,0,normal
U186-20240630151950-33513,U186,2024-06-30 15:19:50,139.17,M35467,Travel,D186_1,13.103569,80.443126,Chennai,Debit Card,PAYMENT,0,normal
U092-20240630181538-72979,U092,2024-06-30 18:15:38,794.95,M04309,Restaurants,D092,13.005219,77.425685,Bengaluru,Wallet,TOPUP,0,normal
U101-20240630221720-29406,U101,2024-06-30 22:17:20,258.26,M76767,Electricity,D101_2,12.982788,74.693874,Mangalore,Wallet,TOPUP,0,normal
U119-20240630225627-15171,U119,2024-06-30 22:56:27,1111.56,M78006,Bills,D119_2,26.785285,81.015269,Lucknow,Wallet,PAYMENT,1,HIGH_VELOCITY
U075-20240701123715-41948,U075,2024-07-01 12:37:15,6053.45,M58847,Restaurants,D075_2,17.445643,78.439022,Hyderabad,Debit Card,REFUND,0,normal
U185-20240701145618-55053,U185,2024-07-01 14:56:18,5063.57,M59522,Entertainment,D185_2,17.512816,78.439414,Hyderabad,Debit Card,TOPUP,0,normal
U165-20240701155226-86804,U165,2024-07-01 15:52:26,604.04,M60270,Taxi,D165_2,17.434794,78.592253,Hyderabad,UPI,REFUND,0,normal
U190-20240701170241-39136,U190,2024-07-01 17:02:41,975.67,M28979,Groceries,D190_1,26.943544,75.954346,Jaipur,Credit Card,REFUND,0,normal
U138-20240701191039-66950,U138,2024-07-01 19:10:39,666.74,M23968,Bills,D138_2,18.538954,73.857835,Pune,Wallet,TRANSFER,0,normal
U021-20240701201807-90591,U021,2024-07-01 20:18:07,20.0,M77441,Shopping,D021,12.834223,74.909902,Mangalore,Wallet,PAYMENT,0,normal
U109-20240702082653-74372,U109,2024-07-02 08:26:53,1727.03,M78242,Healthcare,D109_1,26.854627,80.969615,Lucknow,Credit Card,PAYMENT,0,normal
U134-20240702134352-18129,U134,2024-07-02 13:43:52,2151.29,M55739,Taxi,D134,28.511723,77.062198,Delhi,Credit Card,PAYMENT,0,normal
U026-20240702141748-63061,U026,2024-07-02 14:17:48,1819.37,M34644,Entertainment,D026_2,13.142175,80.322226,Chennai,Credit Card,TRANSFER,1,HIGH_VELOCITY
U084-20240702151253-44963,U084,2024-07-02 15:12:53,940.31,M58914,Education,D084_1,28.672414,77.219004,Delhi,Debit Card,TRANSFER,0,normal
U107-20240702163304-80574,U107,2024-07-02 16:33:04,229.28,M62343,Healthcare,D107,9.948721,76.285618,Kochi,Debit Card,TOPUP,0,normal
U060-20240702180803-66692,U060,2024-07-02 18:08:03,242.41,M26324,Shopping,D060,26.932788,75.699622,Jaipur,Credit Card,TRANSFER,0,normal
U110-20240702201923-24265,U110,2024-07-02 20:19:23,367.25,M27563,Subscriptions,D110_2,26.862162,75.89412,Jaipur,UPI,PAYMENT,0,normal
U154-20240703121636-24583,U154,2024-07-03 12:16:36,1300.25,M60722,Education,D154,28.651141,77.421073,Delhi,Debit Card,TRANSFER,0,normal
U128-20240703142804-28014,U128,2024-07-03 14:28:04,86.49,M23794,Electricity,D128_1,27.070288,75.877898,Jaipur,UPI,REFUND,1,LOCATION_ANOMALY
U005-20240703154830-36403,U005,2024-07-03 15:48:30,1192.92,M58662,Entertainment,D005_2,17.392129,78.474032,Hyderabad,Wallet,TOPUP,0,normal
U110-20240703161418-26287,U110,2024-07-03 16:14:18,235.56,M27412,Restaurants,D110_2,26.873713,75.867517,Jaipur,Debit Card,PAYMENT,0,normal
U028-20240703175919-60117,U028,2024-07-03 17:59:19,154.53,M24357,Education,D028,18.496695,73.939026,Pune,Wallet,PAYMENT,0,normal
U012-20240703183258-28962,U012,2024-07-03 18:32:58,1156.86,M05410,Restaurants,D012_2,13.05579,77.485172,Bengaluru,Debit Card,PAYMENT,0,normal
U104-20240704111033-23265,U104,2024-07-04 11:10:33,261.45,M57819,Education,D104_1,13.031613,77.658751,Bengaluru,Debit Card,PAYMENT,1,LOCATION_ANOMALY
U061-20240704120639-97763,U061,2024-07-04 12:06:39,556.64,M77551,Bills,D061_1,12.841472,74.913668,Mangalore,Credit Card,REFUND,0,normal
U161-20240704125524-99186,U161,2024-07-04 12:55:24,1896.75,M77739,Healthcare,D161_2,12.86793,74.905974,Mangalore,Credit Card,TRANSFER,0,normal
U160-20240704160238-69343,U160,2024-07-04 16:02:38,93.6,M28184,Taxi,D160,26.846278,75.972074,Jaipur,Wallet,PAYMENT,0,normal
U182-20240704164514-97229,U182,2024-07-04 16:45:14,1268.54,M07867,Subscriptions,D182_1,12.97972,77.807016,Bengaluru,Credit Card,TOPUP,0,normal
U067-20240704170853-42186,U067,2024-07-04 17:08:53,1024.83,M62309,Electricity,D067_1,9.88431,76.346629,Kochi,Wallet,TOPUP,0,normal
U036-20240704205621-96868,U036,2024-07-04 20:56:21,1262.16,M34617,Taxi,D036_3,13.049828,80.411867,Chennai,Wallet,REFUND,1,MERCHANT_ANOMALY
U026-20240705102902-20977,U026,2024-07-05 10:29:02,1738.65,M35509,Shopping,D026,13.138089,80.41284,Chennai,UPI,PAYMENT,0,normal
U153-20240705122145-43774,U153,2024-07-05 12:21:45,353.92,M20655,Healthcare,D153_3,19.205066,72.860484,Mumbai,UPI,TOPUP,0,normal
U128-20240705123407-74123,U128,2024-07-05 12:34:07,351.43,M24332,Groceries,D128,18.541358,73.891848,Pune,Debit Card,PAYMENT,0,normal
U065-20240705141218-89702,U065,2024-07-05 14:12:18,1731.16,M58333,Groceries,D065_2,17.340289,78.493013,Hyderabad,Credit Card,TRANSFER,0,normal
U110-20240705143830-66055,U110,2024-07-05 14:38:30,378.07,M26824,Taxi,D110_2,26.847661,75.834736,Jaipur,Credit Card,TOPUP,0,normal
U133-20240705160534-61541,U133,2024-07-05 16:05:34,491.83,M19709,Restaurants,D133_1,19.098057,72.872803,Mumbai,Wallet,PAYMENT,0,normal
U194-20240705172945-31359,U194,2024-07-05 17:29:45,617.25,M58413,Restaurants,D194_1,28.726162,77.115155,Delhi,Debit Card,PAYMENT,0,normal
U068-20240706132317-37840,U068,2024-07-06 13:23:17,1245.8,M25124,Entertainment,D068_1,18.520662,73.991784,Pune,UPI,PAYMENT,0,normal
U196-20240706170509-73360,U196,2024-07-06 17:05:09,240.56,M33766,Subscriptions,D196_1,13.138138,80.238497,Chennai,UPI,TOPUP,0,normal
U127-20240706175923-22271,U127,2024-07-06 17:59:23,363.48,M59963,Restaurants,D127,9.786831,76.209462,Kochi,UPI,TRANSFER,0,normal
U075-20240706190038-19678,U075,2024-07-06 19:00:38,622.46,M58420,Travel,D075_3,17.502661,78.33932,Hyderabad,UPI,TRANSFER,1,MERCHANT_ANOMALY
U066-20240706202117-10367,U066,2024-07-06 20:21:17,266.52,M34119,Restaurants,D066,13.120501,80.291432,Chennai,UPI,TRANSFER,0,normal
U146-20240707113354-63524,U146,2024-07-07 11:33:54,195.37,M33484,Healthcare,D146_2,13.007952,80.340437,Chennai,Debit Card,PAYMENT,0,normal
U008-20240707151944-79284,U008,2024-07-07 15:19:44,607.89,M21532,Fuel,D008_2,18.475623,73.677607,Pune,Credit Card,REFUND,0,normal
U080-20240707182246-32949,U080,2024-07-07 18:22:46,343.36,M27063,Restaurants,D080_1,26.930718,75.775542,Jaipur,Wallet,REFUND,0,normal
U190-20240707185547-37159,U190,2024-07-07 18:55:47,252.96,M28994,Healthcare,D190,26.971593,75.927776,Jaipur,Credit Card,REFUND,0,normal
U105-20240707214817-55269,U105,2024-07-07 21:48:17,1341.99,M57030,Entertainment,D105_2,17.309969,78.393013,Hyderabad,Wallet,TOPUP,0,normal
U055-20240708100200-54942,U055,2024-07-08 10:02:00,282.32,M56572,Groceries,D055,17.318726,78.33846,Hyderabad,UPI,PAYMENT,0,normal
U179-20240708123023-34909,U179,2024-07-08 12:30:23,2770.06,M79494,Taxi,D179,26.928282,81.021147,Lucknow,Wallet,REFUND,0,normal
U120-20240708132416-78528,U120,2024-07-08 13:24:16,748.49,M26503,Education,D120_2,26.843467,75.806844,Jaipur,Wallet,REFUND,0,normal
U108-20240708140329-93678,U108,2024-07-08 14:03:29,196.59,M23759,Travel,D108,18.542732,73.833167,Pune,Credit Card,PAYMENT,0,normal
U148-20240708141556-47791,U148,2024-07-08 14:15:56,1328.46,M24814,Education,D148_1,18.594372,73.886994,Pune,Wallet,REFUND,0,normal
U150-20240708194602-58949,U150,2024-07-08 19:46:02,972.1,M26499,Education,D150_3,26.865437,75.784511,Jaipur,Credit Card,TRANSFER,0,normal
U070-20240708195100-79620,U070,2024-07-08 19:51:00,346.27,M26458,Fuel,D070_1,26.888787,75.757045,Jaipur,Credit Card,TRANSFER,0,normal
U084-20240709183835-94557,U084,2024-07-09 18:38:35,1549.72,M59882,Entertainment,D084_1,28.706109,77.282077,Delhi,Credit Card,REFUND,0,normal
U031-20240709213245-10325,U031,2024-07-09 21:32:45,893.11,M76636,Subscriptions,D031_1,12.98093,74.6827,Mangalore,Credit Card,PAYMENT,0,normal
U086-20240710104159-70763,U086,2024-07-10 10:41:59,142.36,M33469,Taxi,D086_1,13.057853,80.289013,Chennai,UPI,PAYMENT,0,normal
U098-20240710111214-66398,U098,2024-07-10 11:12:14,575.65,M20979,Electricity,D098,18.458273,73.63965,Pune,Debit Card,TOPUP,0,normal
U191-20240710135931-54413,U191,2024-07-10 13:59:31,575.79,M77584,Restaurants,D191_1,12.953339,74.805041,Mangalore,UPI,TOPUP,0,normal
U012-20240710151202-71059,U012,2024-07-10 15:12:02,435.23,M05603,Groceries,D012_3,13.007931,77.552394,Bengaluru,Wallet,PAYMENT,0,normal
U160-20240710153533-15269,U160,2024-07-10 15:35:33,481.07,M28375,Travel,D160_1,26.898759,75.938742,Jaipur,UPI,TOPUP,0,normal
U026-20240710181343-10057,U026,2024-07-10 18:13:43,1389.32,M35673,Shopping,D026_1,13.141259,80.426051,Chennai,Wallet,TRANSFER,0,normal
U035-20240710200235-34751,U035,2024-07-10 20:02:35,1286.66,M57965,Groceries,D035_2,17.293712,78.502805,Hyderabad,Wallet,REFUND,0,normal
U028-20240711122920-17266,U028,2024-07-11 12:29:20,83.55,M25364,Taxi,D028,18.516185,74.020247,Pune,Debit Card,PAYMENT,0,normal
U199-20240711125115-16033,U199,2024-07-11 12:51:15,938.22,M75965,Bills,D199,26.772907,80.823638,Lucknow,UPI,REFUND,0,normal
U144-20240711150553-77650,U144,2024-07-11 15:05:53,2579.3,M60969,Travel,D144_1,28.642612,77.454248,Delhi,Wallet,TRANSFER,0,normal
U151-20240711154028-48485,U151,2024-07-11 15:40:28,803.95,M78759,Travel,D151,12.917757,74.95815,Mangalore,Wallet,TRANSFER,0,normal
U035-20240711214733-73788,U035,2024-07-11 21:47:33,744.24,M58770,Subscriptions,D035_1,17.362294,78.514675,Hyderabad,Wallet,PAYMENT,0,normal
U003-20240712102318-71365,U003,2024-07-12 10:23:18,197.29,M19994,Groceries,D003_3,19.107995,72.891453,Mumbai,Credit Card,TRANSFER,0,normal
U031-20240712104207-94187,U031,2024-07-12 10:42:07,603.21,M76285,Groceries,D031_1,12.94347,74.68506,Mangalore,Credit Card,TOPUP,0,normal
U057-20240712112706-71263,U057,2024-07-12 11:27:06,853.6,M63735,Groceries,D057,9.972416,76.401066,Kochi,UPI,TOPUP,0,normal
U111-20240712130358-41520,U111,2024-07-12 13:03:58,348.43,M76714,Healthcare,D111,12.890053,74.781385,Mangalore,Debit Card,TRANSFER,0,normal
U150-20240712152404-88086,U150,2024-07-12 15:24:04,1321.53,M25537,Subscriptions,D150,26.862509,75.691203,Jaipur,Wallet,TOPUP,0,normal
U146-20240712152914-22205,U146,2024-07-12 15:29:14,445.38,M32487,Fuel,D146_1,12.988695,80.260048,Chennai,UPI,PAYMENT,0,normal
U138-20240712162456-84375,U138,2024-07-12 16:24:56,585.8,M24019,Fuel,D138_2,18.538509,73.863433,Pune,UPI,REFUND,0,normal
U131-20240712170123-47485,U131,2024-07-12 17:01:23,375.58,M77222,Education,D131_2,12.882098,74.840072,Mangalore,Debit Card,REFUND,0,normal
U067-20240712173911-44831,U067,2024-07-12 17:39:11,1583.33,M64310,Subscriptions,D067,9.963952,76.467012,Kochi,Debit Card,TOPUP,0,normal
U075-20240712192724-20110,U075,2024-07-12 19:27:24,2953.76,M59041,Entertainment,D075_3,17.396748,78.507306,Hyderabad,UPI,PAYMENT,0,normal
U008-20240712200550-57084,U008,2024-07-12 20:05:50,1021.63,M22397,Travel,D008_1,18.46595,73.773748,Pune,UPI,TOPUP,0,normal
U170-20240713101950-92334,U170,2024-07-13 10:19:50,5373.14,M24285,Healthcare,D170,26.844126,75.584346,Jaipur,Debit Card,TOPUP,0,normal
U176-20240713102628-64306,U176,2024-07-13 10:26:28,487.18,M34954,Healthcare,D176,13.139115,80.356324,Chennai,Wallet,PAYMENT,0,normal
U146-20240713103156-81559,U146,2024-07-13 10:31:56,263.05,M34432,Taxi,D146,13.083877,80.359314,Chennai,Wallet,REFUND,0,normal
U167-20240713132218-60003,U167,2024-07-13 13:22:18,2203.96,M63135,Shopping,D167_2,10.001397,76.312069,Kochi,Wallet,TRANSFER,0,normal
U115-20240713132400-79201,U115,2024-07-13 13:24:00,601.55,M59590,Shopping,D115_1,17.358028,78.600944,Hyderabad,Debit Card,TRANSFER,0,normal
U017-20240713173751-50604,U017,2024-07-13 17:37:51,297.91,M64905,Subscriptions,D017_1,10.000083,76.490436,Kochi,Credit Card,PAYMENT,0,normal
U154-20240713201223-82851,U154,2024-07-13 20:12:23,1255.45,M60949,Bills,D154,28.706001,77.388882,Delhi,Wallet,PAYMENT,0,normal
U139-20240713222020-80885,U139,2024-07-13 22:20:20,605.31,M77991,Taxi,D139,26.801481,80.99761,Lucknow,UPI,TRANSFER,0,normal
U151-20240714090844-81649,U151,2024-07-14 09:08:44,401.43,M77650,Travel,D151_1,12.863983,74.90099,Mangalore,UPI,REFUND,0,normal
U106-20240714111720-13457,U106,2024-07-14 11:17:20,401.33,M32565,Taxi,D106,13.037662,80.218831,Chennai,Credit Card,TRANSFER,0,normal
U166-20240714112159-76582,U166,2024-07-14 11:21:59,302.65,M31151,Travel,D166_1,12.904035,80.211046,Chennai,Credit Card,TOPUP,0,normal
U063-20240714125052-45358,U063,2024-07-14 12:50:52,917.38,M18053,Entertainment,D063_2,19.023662,72.781655,Mumbai,Debit Card,TRANSFER,0,normal
U159-20240714160739-70003,U159,2024-07-14 16:07:39,2947.23,M78180,Groceries,D159_1,26.881349,80.93665,Lucknow,Credit Card,TRANSFER,0,normal
U097-20240714162222-15671,U097,2024-07-14 16:22:22,412.89,M62019,Bills,D097_1,9.910209,76.29174,Kochi,Debit Card,TRANSFER,0,normal
U127-20240715025551-36239,U127,2024-07-15 02:55:51,4201.46,M60439,Travel,D1127,18.495333,73.881325,Pune,Wallet,REFUND,1,ACCOUNT_TAKEOVER
U175-20240715081105-14009,U175,2024-07-15 08:11:05,503.11,M57832,Subscriptions,D175,17.440923,78.342265,Hyderabad,Wallet,REFUND,0,normal
U059-20240715122309-24439,U059,2024-07-15 12:23:09,3550.1,M74508,Taxi,D059_1,26.852952,80.597847,Lucknow,UPI,PAYMENT,0,normal
U152-20240715133937-85981,U152,2024-07-15 13:39:37,1518.54,M03587,Bills,D152_2,12.886178,77.47248,Bengaluru,UPI,TRANSFER,0,normal
U176-20240715141955-44203,U176,2024-07-15 14:19:55,751.64,M35358,Healthcare,D176_2,13.142067,80.393703,Chennai,Credit Card,REFUND,0,normal
U159-20240715152730-97727,U159,2024-07-15 15:27:30,1477.44,M78163,Restaurants,D159_1,26.857706,80.958547,Lucknow,Debit Card,PAYMENT,0,normal
U130-20240715173618-56146,U130,2024-07-15 17:36:18,659.13,M27901,Healthcare,D130,26.982634,75.807424,Jaipur,Debit Card,REFUND,0,normal
U056-20240715193507-10214,U056,2024-07-15 19:35:07,238.55,M32591,Fuel,D056,13.100129,80.158942,Chennai,Debit Card,TRANSFER,0,normal
U182-20240716020648-64879,U182,2024-07-16 02:06:48,2074.77,M07005,Restaurants,D182_2,12.962625,77.737841,Bengaluru,Debit Card,REFUND,1,UNUSUAL_TIME
U169-20240716200002-90266,U169,2024-07-16 20:00:02,189.25,M78078,Bills,D169_1,26.810627,80.997202,Lucknow,Wallet,REFUND,0,normal
U054-20240717021223-32456,U054,2024-07-17 02:12:23,346.31,M56848,Fuel,D054_1,28.661589,77.02325,Delhi,Credit Card,TOPUP,1,UNUSUAL_TIME
U103-20240717102437-57864,U103,2024-07-17 10:24:37,1142.02,M19997,Travel,D103,19.10306,72.896687,Mumbai,Debit Card,TRANSFER,0,normal
U098-20240717111936-34575,U098,2024-07-17 11:19:36,1119.22,M21708,Restaurants,D098_2,18.480128,73.690709,Pune,Wallet,REFUND,0,normal
U193-20240717122043-80448,U193,2024-07-17 12:20:43,20.0,M20540,Bills,D193,19.094884,72.959107,Mumbai,Debit Card,PAYMENT,0,normal
U028-20240717130210-24153,U028,2024-07-17 13:02:10,25.0,M24258,Taxi,D028,18.489214,73.936566,Pune,Wallet,PAYMENT,0,normal
U126-20240717132405-14454,U126,2024-07-17 13:24:05,116.73,M35985,Fuel,D126_1,13.072709,80.525806,Chennai,UPI,PAYMENT,0,normal
U198-20240717162413-90862,U198,2024-07-17 16:24:13,547.16,M23322,Entertainment,D198_2,18.449824,73.882374,Pune,UPI,TOPUP,0,normal
U151-20240717165205-50920,U151,2024-07-17 16:52:05,774.96,M78365,Bills,D151_1,12.918258,74.918277,Mangalore,UPI,TRANSFER,0,normal
U143-20240717200913-68795,U143,2024-07-17 20:09:13,844.23,M19203,Healthcare,D143,19.065535,72.854752,Mumbai,UPI,TRANSFER,0,normal
U036-20240717202032-95782,U036,2024-07-17 20:20:32,1011.58,M33213,Travel,D036_3,12.991473,80.32982,Chennai,Credit Card,REFUND,0,normal
U097-20240718091231-30603,U097,2024-07-18 09:12:31,430.59,M61090,Electricity,D097_1,9.839258,76.269767,Kochi,Credit Card,TOPUP,0,normal
U146-20240718142242-60422,U146,2024-07-18 14:22:42,362.25,M33793,Travel,D146_1,13.066074,80.313224,Chennai,Debit Card,PAYMENT,0,normal
U182-20240718155528-30392,U182,2024-07-18 15:55:28,1403.81,M07818,Restaurants,D182_1,13.045708,77.736054,Bengaluru,Credit Card,TOPUP,0,normal
U060-20240718160934-48291,U060,2024-07-18 16:09:34,178.84,M25667,Fuel,D060_3,26.960822,75.605884,Jaipur,UPI,TOPUP,0,normal
U143-20240718165557-27239,U143,2024-07-18 16:55:57,1182.72,M19933,Fuel,D143_1,19.083479,72.909806,Mumbai,Wallet,REFUND,0,normal
U143-20240718184311-37534,U143,2024-07-18 18:43:11,1637.59,M19394,Shopping,D143_1,19.056485,72.882945,Mumbai,Credit Card,PAYMENT,0,normal
U181-20240719084300-38172,U181,2024-07-19 08:43:00,1289.76,M77419,Restaurants,D181_1,12.893591,74.84829,Mangalore,Debit Card,REFUND,0,normal
U146-20240719094321-34786,U146,2024-07-19 09:43:21,304.37,M33699,Groceries,D146_1,13.032404,80.337469,Chennai,Debit Card,REFUND,0,normal
U068-20240719114800-33511,U068,2024-07-19 11:48:00,899.48,M24305,Electricity,D068,18.509542,73.920934,Pune,Debit Card,REFUND,0,normal
U058-20240719122118-79468,U058,2024-07-19 12:21:18,1032.48,M23758,Restaurants,D058,18.490022,73.885805,Pune,UPI,TOPUP,0,normal
U065-20240719145428-51468,U065,2024-07-19 14:54:28,1058.42,M57631,Electricity,D065_2,17.365059,78.398081,Hyderabad,Debit Card,TRANSFER,0,normal
U120-20240719152942-54587,U120,2024-07-19 15:29:42,1404.9,M25326,Bills,D120,26.789947,75.742614,Jaipur,Debit Card,PAYMENT,0,normal
U069-20240719180649-33785,U069,2024-07-19 18:06:49,478.5,M77205,Groceries,D069_1,26.803596,80.916948,Lucknow,Wallet,TRANSFER,0,normal
U181-20240720132556-19934,U181,2024-07-20 13:25:56,5380.38,M76389,Fuel,D181_1,12.893355,74.745542,Mangalore,UPI,TOPUP,1,HIGH_AMOUNT
U118-20240720140817-28128,U118,2024-07-20 14:08:17,189.52,M24011,Electricity,D118,18.482051,73.919091,Pune,Debit Card,REFUND,0,normal
U176-20240720144240-92273,U176,2024-07-20 14:42:40,1029.6,M35190,Electricity,D176,13.13578,80.383194,Chennai,Wallet,TRANSFER,0,normal
U048-20240720173925-24824,U048,2024-07-20 17:39:25,3609.5,M24649,Healthcare,D048_2,18.447202,74.017672,Pune,Credit Card,REFUND,0,normal
U158-20240721105827-23244,U158,2024-07-21 10:58:27,2490.89,M25783,Education,D158_1,18.581013,73.997281,Pune,Debit Card,TRANSFER,0,normal
U021-20240721113238-74524,U021,2024-07-21 11:32:38,1064.9,M77101,Taxi,D021,12.837362,74.872699,Mangalore,Wallet,TOPUP,0,normal
U161-20240721140622-94735,U161,2024-07-21 14:06:22,601.28,M78961,Entertainment,D161_1,12.94259,74.953507,Mangalore,Wallet,REFUND,0,normal
U125-20240721191410-61067,U125,2024-07-21 19:14:10,2141.79,M58389,Healthcare,D125,17.325,78.513913,Hyderabad,UPI,REFUND,0,normal
U061-20240721203329-23776,U061,2024-07-21 20:33:29,309.09,M77296,Shopping,D061,12.824645,74.904931,Mangalore,Wallet,REFUND,0,normal
U015-20240722105753-55572,U015,2024-07-22 10:57:53,2243.17,M57037,Fuel,D015_2,17.304926,78.398786,Hyderabad,Credit Card,TRANSFER,0,normal
U120-20240722131614-88590,U120,2024-07-22 13:16:14,1834.68,M25395,Fuel,D120_3,26.789286,75.750255,Jaipur,UPI,PAYMENT,0,normal
U055-20240722141918-97099,U055,2024-07-22 14:19:18,662.23,M56899,Entertainment,D055,17.318717,78.371141,Hyderabad,Debit Card,TOPUP,0,normal
U137-20240722154350-65777,U137,2024-07-22 15:43:50,586.64,M61188,Shopping,D137_1,9.939877,76.178875,Kochi,Debit Card,TRANSFER,0,normal
U159-20240722165905-76141,U159,2024-07-22 16:59:05,2484.25,M77968,Travel,D159_1,26.844743,80.95201,Lucknow,Debit Card,REFUND,0,normal
U062-20240722195300-12919,U062,2024-07-22 19:53:00,991.87,M05852,Shopping,D062,13.011931,77.573237,Bengaluru,Wallet,PAYMENT,0,normal
U060-20240722201803-89668,U060,2024-07-22 20:18:03,270.31,M26143,Fuel,D060,26.964449,75.6499,Jaipur,Credit Card,REFUND,0,normal
U176-20240722202436-94758,U176,2024-07-22 20:24:36,1275.46,M35243,Restaurants,D176_1,13.172419,80.351918,Chennai,Wallet,REFUND,0,normal
U195-20240722203413-70364,U195,2024-07-22 20:34:13,3412.95,M60454,Entertainment,D195_3,17.571671,78.473709,Hyderabad,Debit Card,REFUND,0,normal
U151-20240723093337-81818,U151,2024-07-23 09:33:37,450.54,M78191,Restaurants,D151,12.872138,74.946947,Mangalore,Credit Card,PAYMENT,0,normal
U133-20240723124459-11236,U133,2024-07-23 12:44:59,338.22,M18924,Taxi,D133_1,19.067975,72.824383,Mumbai,UPI,TOPUP,0,normal
U122-20240723183607-99827,U122,2024-07-23 18:36:07,243.13,M04005,Healthcare,D122,12.827805,77.57272,Bengaluru,UPI,TRANSFER,0,normal
U153-20240724100411-91725,U153,2024-07-24 10:04:11,410.47,M19383,Bills,D153_2,19.181064,72.757248,Mumbai,Wallet,PAYMENT,0,normal
U103-20240724111321-68545,U103,2024-07-24 11:13:21,1123.49,M19425,Electricity,D1103,19.079594,72.862927,Mumbai,Debit Card,PAYMENT,1,NEW_DEVICE
U142-20240724123047-69075,U142,2024-07-24 12:30:47,1256.64,M04859,Shopping,D142,12.918343,77.567588,Bengaluru,Credit Card,TRANSFER,0,normal
U011-20240724165530-70243,U011,2024-07-24 16:55:30,6648.82,M77093,Education,D011_1,12.915012,74.794246,Mangalore,Debit Card,PAYMENT,0,normal
U127-20240724190455-60991,U127,2024-07-24 19:04:55,142.52,M60398,Subscriptions,D127_1,9.848463,76.19138,Kochi,Credit Card,PAYMENT,0,normal
U188-20240724202424-14990,U188,2024-07-24 20:24:24,478.6,M23698,Shopping,D188_2,18.541215,73.828626,Pune,UPI,PAYMENT,0,normal
U191-20240724202630-39212,U191,2024-07-24 20:26:30,228.02,M77661,Taxi,D191_2,12.979416,74.786724,Mangalore,Credit Card,TOPUP,0,normal
U079-20240724225642-89816,U079,2024-07-24 22:56:42,808.27,M77859,Bills,D079_1,26.848713,80.937204,Lucknow,Wallet,TRANSFER,0,normal
U015-20240725100213-63276,U015,2024-07-25 10:02:13,923.63,M57356,Restaurants,D015_3,17.340378,78.395195,Hyderabad,Debit Card,REFUND,0,normal
U004-20240725111253-11136,U004,2024-07-25 11:12:53,2633.0,M58764,Electricity,D004,28.613366,77.262992,Delhi,Credit Card,TOPUP,0,normal
U034-20240725125404-42126,U034,2024-07-25 12:54:04,279.04,M56869,Shopping,D034,28.548593,77.138291,Delhi,Wallet,PAYMENT,0,normal
U117-20240725155255-29096,U117,2024-07-25 15:52:55,89.58,M59769,Education,D117,9.881897,76.095026,Kochi,Wallet,REFUND,0,normal
U130-20240725164840-92027,U130,2024-07-25 16:48:40,919.49,M27582,Taxi,D130_1,26.984931,75.773247,Jaipur,Wallet,TOPUP,0,normal
U125-20240725174653-30207,U125,2024-07-25 17:46:53,2281.61,M58896,Fuel,D125_1,17.342202,78.547412,Hyderabad,Credit Card,REFUND,0,normal
U083-20240725210517-10107,U083,2024-07-25 21:05:17,2813.53,M19012,Shopping,D083_1,19.069363,72.83187,Mumbai,Wallet,PAYMENT,1,HIGH_AMOUNT
U097-20240726115131-62545,U097,2024-07-26 11:51:31,268.53,M61289,Taxi,D097,9.852981,76.275899,Kochi,UPI,TRANSFER,0,normal
U156-20240726132928-22802,U156,2024-07-26 13:29:28,1906.3,M33807,Subscriptions,D156,13.124928,80.255768,Chennai,Wallet,TRANSFER,0,normal
U137-20240726171144-22878,U137,2024-07-26 17:11:44,513.68,M61782,Shopping,D137,10.005914,76.172316,Kochi,Debit Card,TOPUP,0,normal
U119-20240726190117-81276,U119,2024-07-26 19:01:17,443.49,M78996,Electricity,D119,26.867317,81.032306,Lucknow,UPI,TRANSFER,0,normal
U016-20240726202338-50719,U016,2024-07-26 20:23:38,168.39,M34269,Fuel,D016,13.137059,80.28982,Chennai,Wallet,REFUND,0,normal
U109-20240726224949-34687,U109,2024-07-26 22:49:49,1812.93,M76943,Shopping,D109,26.7982,80.896058,Lucknow,Wallet,PAYMENT,0,normal
U101-20240727180042-67059,U101,2024-07-27 18:00:42,833.79,M76968,Bills,D101_1,12.927274,74.769567,Mangalore,Debit Card,TOPUP,0,normal
U142-20240727183602-52593,U142,2024-07-27 18:36:02,1481.24,M04105,Electricity,D142_1,12.817457,77.593049,Bengaluru,UPI,TRANSFER,0,normal
U032-20240727200819-49165,U032,2024-07-27 20:08:19,347.91,M04855,Fuel,D032_2,12.925019,77.560483,Bengaluru,UPI,TRANSFER,0,normal
U167-20240727210538-26544,U167,2024-07-27 21:05:38,2915.96,M63040,Shopping,D167_2,10.049006,76.254954,Kochi,Debit Card,REFUND,0,normal
U093-20240727210718-83164,U093,2024-07-27 21:07:18,917.62,M19671,Taxi,D093_1,19.111207,72.855914,Mumbai,UPI,TOPUP,0,normal
U113-20240727221309-47386,U113,2024-07-27 22:13:09,838.42,M19734,Restaurants,D113_1,19.092657,72.880726,Mumbai,Credit Card,TRANSFER,0,normal
U153-20240728102908-72248,U153,2024-07-28 10:29:08,260.61,M19966,Restaurants,D153_3,19.193064,72.803518,Mumbai,Credit Card,REFUND,0,normal
U075-20240728114413-45564,U075,2024-07-28 11:44:13,3113.14,M58176,Restaurants,D075_3,17.385624,78.431947,Hyderabad,Debit Card,PAYMENT,0,normal
U176-20240728122606-51782,U176,2024-07-28 12:26:06,1575.32,M34750,Electricity,D176,13.115783,80.359221,Chennai,UPI,PAYMENT,0,normal
U020-20240728132801-39870,U020,2024-07-28 13:28:01,144.67,M27424,Taxi,D020_2,26.850206,75.892167,Jaipur,UPI,TOPUP,0,normal
U103-20240728142324-17817,U103,2024-07-28 14:23:24,1477.12,M20071,Education,D103,19.10123,72.905851,Mumbai,Wallet,TOPUP,0,normal
U182-20240728171001-19851,U182,2024-07-28 17:10:01,2063.39,M06713,Subscriptions,D182,12.965297,77.706011,Bengaluru,Debit Card,PAYMENT,0,normal
U168-20240728184615-43538,U168,2024-07-28 18:46:15,495.33,M22728,Healthcare,D168,18.438459,73.834363,Pune,Credit Card,REFUND,0,normal
U173-20240728220720-79368,U173,2024-07-28 22:07:20,435.32,M20486,Travel,D173_1,19.092153,72.956405,Mumbai,Debit Card,TRANSFER,0,normal
U073-20240729091610-89130,U073,2024-07-29 09:16:10,291.82,M19466,Travel,D073_1,19.063192,72.883426,Mumbai,Credit Card,TOPUP,0,normal
U062-20240729103505-69453,U062,2024-07-29 10:35:05,680.14,M07061,Shopping,D062_1,12.995836,77.710313,Bengaluru,UPI,TRANSFER,0,normal
U031-20240729115653-62890,U031,2024-07-29 11:56:53,878.76,M76933,Groceries,D031,12.959299,74.734009,Mangalore,UPI,TOPUP,1,HIGH_VELOCITY
U154-20240729181618-94079,U154,2024-07-29 18:16:18,897.58,M60269,Healthcare,D154,28.644602,77.38226,Delhi,Debit Card,PAYMENT,0,normal
U086-20240729182230-27872,U086,2024-07-29 18:22:30,81.62,M32773,Shopping,D086_1,12.975343,80.301991,Chennai,UPI,TRANSFER,0,normal
U183-20240729204848-78455,U183,2024-07-29 20:48:48,471.53,M19754,Restaurants,D183,19.111612,72.86382,Mumbai,Credit Card,TRANSFER,0,normal
U049-20240730094149-46159,U049,2024-07-30 09:41:49,4547.93,M77955,Shopping,D049_1,26.855839,80.939622,Lucknow,Debit Card,PAYMENT,0,normal
U005-20240730122120-91057,U005,2024-07-30 12:21:20,1470.23,M58702,Shopping,D005,17.392377,78.47781,Hyderabad,Wallet,TOPUP,0,normal
U160-20240730123502-11511,U160,2024-07-30 12:35:02,320.09,M28062,Taxi,D160_1,26.854694,75.951466,Jaipur,UPI,REFUND,0,normal
U004-20240730124833-48786,U004,2024-07-30 12:48:33,1424.03,M58992,Taxi,D004_1,28.628294,77.27095,Delhi,Wallet,REFUND,0,normal
U126-20240730161000-22816,U126,2024-07-30 16:10:00,136.97,M35421,Groceries,D126_1,13.096114,80.445953,Chennai,Debit Card,TRANSFER,0,normal
U006-20240730173003-98161,U006,2024-07-30 17:30:03,378.8,M32067,Fuel,D006_3,13.023025,80.183718,Chennai,UPI,REFUND,1,HIGH_VELOCITY
U188-20240730174510-58252,U188,2024-07-30 17:45:10,1618.75,M25366,Travel,D188_2,18.603937,73.932705,Pune,Credit Card,TOPUP,0,normal
U005-20240730174520-64122,U005,2024-07-30 17:45:20,787.88,M59184,Restaurants,D005,17.385892,78.532508,Hyderabad,Wallet,REFUND,0,normal
U049-20240731083826-62242,U049,2024-07-31 08:38:26,3935.28,M77975,Taxi,D049,26.87582,80.921711,Lucknow,Credit Card,TOPUP,0,normal
U164-20240731192714-26161,U164,2024-07-31 19:27:14,1273.18,M57784,Fuel,D164,28.663265,77.248632,Delhi,Credit Card,REFUND,1,LOCATION_ANOMALY
U107-20240731202157-15342,U107,2024-07-31 20:21:57,727.93,M62484,Bills,D107,9.97129,76.277069,Kochi,Credit Card,TRANSFER,0,normal
U006-20240731203238-71798,U006,2024-07-31 20:32:38,425.15,M31605,Fuel,D006_2,12.995699,80.164772,Chennai,UPI,REFUND,0,normal
U137-20240731223307-61760,U137,2024-07-31 22:33:07,469.39,M61676,Groceries,D137_1,9.90442,76.263183,Kochi,Debit Card,TRANSFER,0,normal
U092-20240801115146-63915,U092,2024-08-01 11:51:46,1248.9,M05002,Fuel,D092_1,13.044392,77.455775,Bengaluru,Credit Card,TRANSFER,0,normal
U080-20240801132145-99618,U080,2024-08-01 13:21:45,413.8,M26870,Subscriptions,D080_1,26.882533,75.80445,Jaipur,UPI,REFUND,0,normal
U065-20240801180433-39760,U065,2024-08-01 18:04:33,1881.84,M57940,Education,D065_1,17.386388,78.407659,Hyderabad,Debit Card,TRANSFER,0,normal
U013-20240802121201-69043,U013,2024-08-02 12:12:01,1459.45,M19081,Travel,D013_1,19.141025,72.767062,Mumbai,Debit Card,REFUND,1,HIGH_AMOUNT
U031-20240802155835-34028,U031,2024-08-02 15:58:35,1033.67,M76226,Restaurants,D031,12.93199,74.690628,Mangalore,Wallet,TRANSFER,0,normal
U098-20240802165913-86187,U098,2024-08-02 16:59:13,569.42,M20406,Subscriptions,D098,18.383942,73.656616,Pune,UPI,REFUND,0,normal
U051-20240802214031-19747,U051,2024-08-02 21:40:31,693.74,M77342,Entertainment,D051,12.948352,74.785815,Mangalore,UPI,TRANSFER,0,normal
U171-20240803112651-92042,U171,2024-08-03 11:26:51,440.34,M78931,Travel,D171_1,12.926206,74.966931,Mangalore,Wallet,TOPUP,0,normal
U187-20240803124430-26154,U187,2024-08-03 12:44:30,20.0,M61214,Education,D187,9.897981,76.223395,Kochi,Debit Card,TOPUP,0,normal
U166-20240803130553-22680,U166,2024-08-03 13:05:53,428.38,M31038,Taxi,D166_1,12.953304,80.150502,Chennai,UPI,REFUND,0,normal
U169-20240803152733-44733,U169,2024-08-03 15:27:33,2686.28,M77617,Taxi,D169_1,26.814312,80.947356,Lucknow,Wallet,TOPUP,0,normal
U041-20240803173335-81477,U041,2024-08-03 17:33:35,1027.47,M77353,Restaurants,D041,12.882592,74.852667,Mangalore,Wallet,PAYMENT,0,normal
U115-20240803215103-28165,U115,2024-08-03 21:51:03,770.26,M59406,Groceries,D115,17.348944,78.591623,Hyderabad,Wallet,PAYMENT,0,normal
U067-20240804120159-89171,U067,2024-08-04 12:01:59,2558.46,M62648,Healthcare,D067_1,9.915741,76.349052,Kochi,UPI,PAYMENT,0,normal
U085-20240804124125-79787,U085,2024-08-04 12:41:25,443.11,M59295,Electricity,D085_1,17.416657,78.512846,Hyderabad,UPI,TOPUP,0,normal
U058-20240804135938-46549,U058,2024-08-04 13:59:38,731.32,M25371,Shopping,D058_1,18.527948,74.009124,Pune,UPI,REFUND,0,normal
U061-20240804145117-86549,U061,2024-08-04 14:51:17,528.13,M77359,Entertainment,D061_1,12.846907,74.889041,Mangalore,UPI,REFUND,0,normal
U185-20240804152443-40843,U185,2024-08-04 15:24:43,6596.83,M59842,Healthcare,D185_1,17.517826,78.466403,Hyderabad,Credit Card,TOPUP,0,normal
U058-20240804174459-64628,U058,2024-08-04 17:44:59,1621.16,M24293,Bills,D058_1,18.478089,73.951217,Pune,UPI,PAYMENT,0,normal
U123-20240804224301-64239,U123,2024-08-04 22:43:01,5593.63,M20414,Bills,D123_2,19.135683,72.905733,Mumbai,Credit Card,REFUND,0,normal
U049-20240805085146-42790,U049,2024-08-05 08:51:46,979.77,M77436,Healthcare,D049_1,26.795474,80.948088,Lucknow,Wallet,TRANSFER,1,MERCHANT_ANOMALY
U003-20240805121411-47994,U003,2024-08-05 12:14:11,156.85,M19952,Subscriptions,D003_1,19.12175,72.873415,Mumbai,Wallet,PAYMENT,0,normal
U151-20240805152501-74018,U151,2024-08-05 15:25:01,242.65,M77393,Fuel,D151,12.863492,74.87576,Mangalore,Debit Card,REFUND,0,normal
U096-20240805154423-38745,U096,2024-08-05 15:44:23,227.53,M33506,Groceries,D096,13.079132,80.271431,Chennai,Debit Card,PAYMENT,0,normal
U052-20240805155609-95305,U052,2024-08-05 15:56:09,448.21,M06210,Shopping,D052,12.973741,77.647295,Bengaluru,Wallet,PAYMENT,0,normal
U067-20240805184757-57308,U067,2024-08-05 18:47:57,624.84,M63077,Travel,D067_1,9.906632,76.401033,Kochi,Credit Card,TOPUP,0,normal
U042-20240805195707-99133,U042,2024-08-05 19:57:07,2239.71,M04634,Restaurants,D042,12.966812,77.496616,Bengaluru,UPI,TOPUP,0,normal
U154-20240805201924-77503,U154,2024-08-05 20:19:24,1005.86,M60200,Electricity,D154_1,28.662786,77.357203,Delhi,Wallet,REFUND,0,normal
U127-20240806085230-76837,U127,2024-08-06 08:52:30,443.46,M60342,Education,D127,9.834503,76.199736,Kochi,Wallet,REFUND,0,normal
U058-20240806122942-14930,U058,2024-08-06 12:29:42,521.09,M25045,Shopping,D058,18.548972,73.955486,Pune,UPI,TOPUP,1,HIGH_VELOCITY
U199-20240806123524-21536,U199,2024-08-06 12:35:24,830.44,M75909,Entertainment,D199,26.749084,80.84183,Lucknow,Wallet,REFUND,0,normal
U194-20240806130535-22074,U194,2024-08-06 13:05:35,495.0,M57939,Restaurants,D194_1,28.642317,77.151606,Delhi,Debit Card,PAYMENT,0,normal
U114-20240806131910-87628,U114,2024-08-06 13:19:10,1926.45,M56664,Education,D114_3,28.583333,77.083091,Delhi,Debit Card,REFUND,0,normal
U109-20240806210748-64145,U109,2024-08-06 21:07:48,2179.68,M76675,Subscriptions,D109,26.786788,80.880746,Lucknow,Credit Card,REFUND,0,normal
U187-20240806215138-35529,U187,2024-08-06 21:51:38,764.38,M61688,Subscriptions,D187_1,9.945572,76.22326,Kochi,UPI,REFUND,0,normal
U117-20240806225253-53067,U117,2024-08-06 22:52:53,122.17,M61308,Healthcare,D117_2,9.931049,76.199704,Kochi,Debit Card,REFUND,0,normal
U033-20240807154529-99370,U033,2024-08-07 15:45:29,759.93,M21026,Electricity,D033_3,19.08514,73.017467,Mumbai,Credit Card,TRANSFER,0,normal
U023-20240807173505-68100,U023,2024-08-07 17:35:05,2246.89,M20108,Groceries,D023,19.086152,72.924637,Mumbai,Debit Card,TOPUP,0,normal
U106-20240807175808-25839,U106,2024-08-07 17:58:08,399.69,M32759,Bills,D106,13.049352,80.22658,Chennai,Credit Card,TOPUP,0,normal
U199-20240808141502-31081,U199,2024-08-08 14:15:02,680.65,M75607,Travel,D199_1,26.746116,80.814633,Lucknow,Wallet,REFUND,0,normal
U074-20240808144536-47698,U074,2024-08-08 14:45:36,988.06,M60500,Travel,D074,28.650505,77.399456,Delhi,Debit Card,PAYMENT,0,normal
U159-20240808180345-10207,U159,2024-08-08 18:03:45,2729.17,M77853,Restaurants,D159,26.812969,80.972313,Lucknow,Wallet,REFUND,0,normal
U164-20240808191347-87115,U164,2024-08-08 19:13:47,1893.04,M57679,Shopping,D164_2,28.584977,77.182961,Delhi,Credit Card,TRANSFER,0,normal
U141-20240809113704-42728,U141,2024-08-09 11:37:04,123.6,M79927,Fuel,D141,13.001251,74.991432,Mangalore,Debit Card,REFUND,1,HIGH_AMOUNT
U142-20240809120032-71954,U142,2024-08-09 12:00:32,1527.28,M03787,Fuel,D142_1,12.831945,77.546712,Bengaluru,Debit Card,TRANSFER,0,normal
U192-20240809131252-89724,U192,2024-08-09 13:12:52,2092.49,M05799,Bills,D192_1,13.026386,77.553469,Bengaluru,UPI,REFUND,1,HIGH_VELOCITY
U045-20240809143521-76333,U045,2024-08-09 14:35:21,962.97,M58462,Restaurants,D045_3,17.306366,78.539872,Hyderabad,UPI,PAYMENT,0,normal
U115-20240809165410-29007,U115,2024-08-09 16:54:10,1160.7,M59723,Electricity,D115,17.33847,78.63383,Hyderabad,Credit Card,TOPUP,0,normal
U140-20240809173603-73219,U140,2024-08-09 17:36:03,281.35,M28184,Shopping,D140,26.89401,75.924351,Jaipur,Wallet,REFUND,0,normal
U012-20240810143146-42713,U012,2024-08-10 14:31:46,841.29,M04796,Groceries,D012_3,13.031896,77.447687,Bengaluru,UPI,PAYMENT,0,normal
U016-20240810150252-92835,U016,2024-08-10 15:02:52,858.6,M34307,Entertainment,D016,13.169692,80.260982,Chennai,Wallet,TRANSFER,0,normal
U085-20240810150733-62445,U085,2024-08-10 15:07:33,141.89,M58933,Electricity,D085_1,17.422702,78.470553,Hyderabad,UPI,TRANSFER,0,normal
U032-20240810152041-23134,U032,2024-08-10 15:20:41,257.5,M05511,Shopping,D032_1,12.916769,77.634377,Bengaluru,Debit Card,PAYMENT,0,normal
U102-20240810155731-75098,U102,2024-08-10 15:57:31,1047.81,M06570,Groceries,D102_1,12.953545,77.703494,Bengaluru,Wallet,PAYMENT,0,normal
U137-20240810163153-23015,U137,2024-08-10 16:31:53,761.59,M60874,Taxi,D137_1,9.893912,76.19344,Kochi,Credit Card,TOPUP,0,normal
U195-20240810181154-68944,U195,2024-08-10 18:11:54,5642.95,M59874,Healthcare,D195_3,17.513756,78.473628,Hyderabad,Wallet,TRANSFER,0,normal
U158-20240810183946-27946,U158,2024-08-10 18:39:46,1353.86,M25438,Education,D158_1,18.576303,73.967532,Pune,Credit Card,TOPUP,0,normal
U076-20240810201058-25022,U076,2024-08-10 20:10:58,1078.46,M34359,Taxi,D076_1,13.203156,80.232718,Chennai,Debit Card,TOPUP,0,normal
U031-20240810202344-34185,U031,2024-08-10 20:23:44,1095.34,M76654,Taxi,D031,12.947388,74.717982,Mangalore,Wallet,PAYMENT,0,normal
U023-20240810224145-72659,U023,2024-08-10 22:41:45,1945.49,M20055,Electricity,D023,19.110107,72.895393,Mumbai,Debit Card,TRANSFER,0,normal
U158-20240811092118-36977,U158,2024-08-11 09:21:18,1057.84,M25303,Healthcare,D158_2,18.57405,73.956299,Pune,UPI,TRANSFER,0,normal
U104-20240811120450-31625,U104,2024-08-11 12:04:50,239.1,M59315,Healthcare,D104,28.690678,77.240818,Delhi,Credit Card,TRANSFER,0,normal
U104-20240811143055-29522,U104,2024-08-11 14:30:55,524.15,M57975,Entertainment,D104_2,28.627561,77.169902,Delhi,Wallet,TRANSFER,0,normal
U126-20240811195834-88420,U126,2024-08-11 19:58:34,144.87,M35554,Fuel,D126_1,13.130283,80.425093,Chennai,Wallet,PAYMENT,1,HIGH_AMOUNT
U066-20240812150611-48034,U066,2024-08-12 15:06:11,142.4,M33344,Taxi,D066_2,13.150252,80.184166,Chennai,Debit Card,TOPUP,0,normal
U028-20240812161255-90778,U028,2024-08-12 16:12:55,179.85,M23545,Restaurants,D028,18.474521,73.880028,Pune,Debit Card,REFUND,0,normal
U125-20240812170822-10173,U125,2024-08-12 17:08:22,1667.04,M57937,Restaurants,D125_2,17.27494,78.518737,Hyderabad,UPI,PAYMENT,0,normal
U068-20240812171000-87550,U068,2024-08-12 17:10:00,1247.21,M24359,Healthcare,D068_1,18.501367,73.934544,Pune,UPI,REFUND,0,normal
U007-20240812194447-13821,U007,2024-08-12 19:44:47,513.94,M60751,Bills,D007,9.907834,76.167234,Kochi,UPI,REFUND,0,normal
U049-20240812202652-90800,U049,2024-08-12 20:26:52,4112.85,M78714,Fuel,D049_1,26.919803,80.951589,Lucknow,Wallet,REFUND,0,normal
U021-20240812220339-94211,U021,2024-08-12 22:03:39,499.58,M77437,Taxi,D021_3,12.861835,74.881895,Mangalore,Credit Card,PAYMENT,0,normal
U129-20240813104719-95866,U129,2024-08-13 10:47:19,282.14,M77878,Taxi,D129_2,26.805051,80.982772,Lucknow,Wallet,PAYMENT,0,normal
U140-20240813150955-29406,U140,2024-08-13 15:09:55,453.57,M26435,Restaurants,D140_1,26.868033,75.775466,Jaipur,Wallet,REFUND,0,normal
U197-20240813193246-54705,U197,2024-08-13 19:32:46,1278.55,M59928,Taxi,D197,9.86487,76.127895,Kochi,Credit Card,REFUND,0,normal
U091-20240813204708-12105,U091,2024-08-13 20:47:08,545.08,M77776,Entertainment,D091_1,12.908258,74.869331,Mangalore,Wallet,PAYMENT,0,normal
U130-20240813230240-19870,U130,2024-08-13 23:02:40,1385.23,M26554,Entertainment,D130,26.951949,75.703476,Jaipur,Debit Card,REFUND,1,UNUSUAL_TIME
U169-20240814132304-34846,U169,2024-08-14 13:23:04,1504.21,M77515,Subscriptions,D169,26.804143,80.947349,Lucknow,Wallet,PAYMENT,0,normal
U123-20240814133722-52944,U123,2024-08-14 13:37:22,3208.09,M19756,Education,D123_2,19.14913,72.826466,Mumbai,Debit Card,REFUND,0,normal
U017-20240814152643-61737,U017,2024-08-14 15:26:43,681.11,M63453,Taxi,D017_1,9.916216,76.429073,Kochi,Debit Card,PAYMENT,0,normal
U093-20240814170829-46067,U093,2024-08-14 17:08:29,1616.14,M20253,Electricity,D093,19.106182,72.919073,Mumbai,UPI,REFUND,0,normal
U012-20240814171942-63583,U012,2024-08-14 17:19:42,1312.03,M05510,Subscriptions,D012_2,13.048846,77.502201,Bengaluru,Debit Card,TOPUP,0,normal
U058-20240814173603-83125,U058,2024-08-14 17:36:03,735.02,M24977,Taxi,D058_1,18.56949,73.928244,Pune,Credit Card,REFUND,0,normal
U029-20240815131035-12052,U029,2024-08-15 13:10:35,677.4,M76844,Taxi,D029_2,26.74953,80.934912,Lucknow,Credit Card,TRANSFER,0,normal
U015-20240815151327-61638,U015,2024-08-15 15:13:27,5673.39,M57691,Travel,D015_2,17.356285,78.412791,Hyderabad,Wallet,PAYMENT,1,HIGH_VELOCITY
U163-20240815153450-11269,U163,2024-08-15 15:34:50,1328.25,M19612,Groceries,D163,19.119615,72.84159,Mumbai,Credit Card,TOPUP,0,normal
U094-20240815164345-20539,U094,2024-08-15 16:43:45,1237.51,M56306,Healthcare,D094,28.49944,77.131195,Delhi,Credit Card,REFUND,0,normal
U054-20240815181228-35964,U054,2024-08-15 18:12:28,195.06,M57957,Education,D054_2,28.645,77.150718,Delhi,Wallet,TOPUP,0,normal
U045-20240815200914-31463,U045,2024-08-15 20:09:14,1080.18,M57992,Shopping,D045_3,17.322996,78.476197,Hyderabad,Debit Card,PAYMENT,0,normal
U127-20240815210224-91936,U127,2024-08-15 21:02:24,518.04,M60756,Entertainment,D127_1,9.868427,76.207197,Kochi,Credit Card,TRANSFER,0,normal
U181-20240815214919-99083,U181,2024-08-15 21:49:19,1185.85,M76264,Electricity,D181,12.856587,74.769803,Mangalore,UPI,PAYMENT,0,normal
U017-20240816145109-97091,U017,2024-08-16 14:51:09,702.54,M63645,Fuel,D017_2,9.963414,76.401098,Kochi,UPI,TOPUP,0,normal
U033-20240816150147-20471,U033,2024-08-16 15:01:47,692.52,M20382,Fuel,D033_3,19.090971,72.947251,Mumbai,Wallet,PAYMENT,0,normal
U110-20240816193352-45006,U110,2024-08-16 19:33:52,253.87,M27954,Entertainment,D110_2,26.864518,75.93084,Jaipur,Debit Card,TOPUP,0,normal
U176-20240817124650-90732,U176,2024-08-17 12:46:50,1366.76,M35053,Taxi,D176,13.126157,80.379184,Chennai,Credit Card,TOPUP,0,normal
U058-20240817195424-45255,U058,2024-08-17 19:54:24,1850.27,M25383,Healthcare,D058,18.556688,73.981585,Pune,Wallet,TRANSFER,0,normal
U067-20240818155426-96586,U067,2024-08-18 15:54:26,2097.74,M63334,Healthcare,D067,9.936859,76.396588,Kochi,Credit Card,PAYMENT,0,normal
U123-20240818182346-42260,U123,2024-08-18 18:23:46,3427.55,M19852,Taxi,D123_3,19.140616,72.84459,Mumbai,Credit Card,PAYMENT,0,normal
U115-20240819102743-25830,U115,2024-08-19 10:27:43,189.77,M59723,Education,D115,17.330672,78.64166,Hyderabad,Debit Card,TRANSFER,0,normal
U115-20240819105548-45983,U115,2024-08-19 10:55:48,884.64,M59426,Electricity,D115,17.348859,78.593766,Hyderabad,UPI,REFUND,0,normal
U160-20240819124300-60484,U160,2024-08-19 12:43:00,440.25,M28982,Entertainment,D160,26.91769,75.980495,Jaipur,Credit Card,REFUND,0,normal
U188-20240819133145-98886,U188,2024-08-19 13:31:45,1686.78,M23611,Taxi,D188,18.554609,73.806461,Pune,Wallet,TRANSFER,0,normal
U089-20240819163231-19779,U089,2024-08-19 16:32:31,824.67,M75359,Groceries,D089_2,26.658708,80.877209,Lucknow,Credit Card,REFUND,0,normal
U034-20240819181433-21906,U034,2024-08-19 18:14:33,359.97,M57509,Bills,D034_1,28.595594,77.155333,Delhi,Credit Card,TOPUP,0,normal
U175-20240820124109-20022,U175,2024-08-20 12:41:09,874.81,M58603,Groceries,D175_1,17.448561,78.411769,Hyderabad,Debit Card,PAYMENT,0,normal
U052-20240820125010-16566,U052,2024-08-20 12:50:10,265.39,M05012,Travel,D052_1,12.908586,77.592626,Bengaluru,UPI,PAYMENT,0,normal
U056-20240820155818-31477,U056,2024-08-20 15:58:18,450.42,M32384,Subscriptions,D056,13.094997,80.1434,Chennai,Debit Card,TOPUP,0,normal
U042-20240820160238-95857,U042,2024-08-20 16:02:38,501.2,M04096,Travel,D042,12.968277,77.44135,Bengaluru,UPI,REFUND,1,HIGH_VELOCITY
U140-20240820185100-39383,U140,2024-08-20 18:51:00,387.75,M26678,Fuel,D140_2,26.8665,75.801266,Jaipur,UPI,REFUND,0,normal
U026-20240820201655-66616,U026,2024-08-20 20:16:55,572.98,M34570,Healthcare,D026_1,13.125047,80.331988,Chennai,UPI,PAYMENT,0,normal
U162-20240820203434-91531,U162,2024-08-20 20:34:34,360.02,M05387,Shopping,D162_2,13.017228,77.521432,Bengaluru,Credit Card,TRANSFER,0,normal
U015-20240821100617-96339,U015,2024-08-21 10:06:17,6034.93,M57014,Entertainment,D015_1,17.372749,78.328686,Hyderabad,Debit Card,PAYMENT,0,normal
U135-20240821164246-58700,U135,2024-08-21 16:42:46,1168.95,M60621,Fuel,D135_2,17.420766,78.641302,Hyderabad,Wallet,PAYMENT,0,normal
U192-20240821173112-17380,U192,2024-08-21 17:31:12,2625.47,M05444,Shopping,D192_3,12.970886,77.573486,Bengaluru,Credit Card,PAYMENT,0,normal
U008-20240822105329-72478,U008,2024-08-22 10:53:29,1817.13,M22361,Entertainment,D008,18.469627,73.766458,Pune,UPI,TOPUP,0,normal
U026-20240822141524-39426,U026,2024-08-22 14:15:24,2407.24,M35137,Healthcare,D026_2,13.096523,80.417214,Chennai,Debit Card,TRANSFER,0,normal
U127-20240822151125-78397,U127,2024-08-22 15:11:25,215.23,M60688,Restaurants,D127,9.810956,76.257802,Kochi,Wallet,REFUND,0,normal
U031-20240822152714-83332,U031,2024-08-22 15:27:14,1089.7,M77064,Fuel,D031,12.983814,74.722617,Mangalore,Debit Card,TRANSFER,0,normal
U195-20240822184950-99452,U195,2024-08-22 18:49:50,9027.84,M60154,Restaurants,D195,17.543779,78.47158,Hyderabad,UPI,REFUND,0,normal
U043-20240823100703-42639,U043,2024-08-23 10:07:03,289.61,M21070,Education,D043,19.040212,73.066765,Mumbai,UPI,REFUND,0,normal
U092-20240823114318-48887,U092,2024-08-23 11:43:18,766.61,M04812,Restaurants,D092_1,13.017667,77.46358,Bengaluru,Wallet,TOPUP,0,normal
U089-20240823145122-58180,U089,2024-08-23 14:51:22,960.68,M75224,Education,D089_2,26.684618,80.837774,Lucknow,Debit Card,TOPUP,0,normal
U190-20240823171227-37650,U190,2024-08-23 17:12:27,749.67,M28510,Fuel,D190_1,26.943643,75.907407,Jaipur,UPI,REFUND,0,normal
U142-20240823181314-25753,U142,2024-08-23 18:13:14,1681.38,M04058,Travel,D142_1,12.822284,77.583509,Bengaluru,UPI,REFUND,0,normal
U023-20240824044827-15363,U023,2024-08-24 04:48:27,27145.45,M20370,Taxi,D1023,18.499709,73.838139,Pune,Wallet,TOPUP,1,ACCOUNT_TAKEOVER
U022-20240824121108-97704,U022,2024-08-24 12:11:08,3226.27,M06410,Healthcare,D022_1,13.017871,77.623092,Bengaluru,Credit Card,TRANSFER,0,normal
U008-20240824140038-90388,U008,2024-08-24 14:00:38,383.49,M21975,Electricity,D008,18.448772,73.748767,Pune,Credit Card,PAYMENT,0,normal
U039-20240824143535-53393,U039,2024-08-24 14:35:35,457.6,M77589,Shopping,D039_3,26.849263,80.909594,Lucknow,Debit Card,TRANSFER,0,normal
U109-20240824152637-98037,U109,2024-08-24 15:26:37,939.38,M77068,Travel,D109,26.810383,80.896432,Lucknow,Wallet,REFUND,0,normal
U081-20240824154558-36653,U081,2024-08-24 15:45:58,568.09,M78044,Bills,D081_3,12.863202,74.941232,Mangalore,Credit Card,TRANSFER,0,normal
U140-20240824171027-57150,U140,2024-08-24 17:10:27,178.6,M26474,Entertainment,D140,26.843529,75.803887,Jaipur,Wallet,REFUND,0,normal
U105-20240824183921-17495,U105,2024-08-24 18:39:21,557.73,M58329,Bills,D105,17.305475,78.527433,Hyderabad,UPI,TOPUP,0,normal
U177-20240824214937-45730,U177,2024-08-24 21:49:37,420.9,M61552,Electricity,D177_1,9.868057,76.287159,Kochi,UPI,PAYMENT,0,normal
U180-20240825164931-42726,U180,2024-08-25 16:49:31,224.36,M24180,Bills,D180_2,26.863181,75.554859,Jaipur,Wallet,REFUND,0,normal
U173-20240826140936-23819,U173,2024-08-26 14:09:36,646.45,M20542,Subscriptions,D173,19.067763,72.986395,Mumbai,Wallet,PAYMENT,0,normal
U040-20240826151316-76143,U040,2024-08-26 15:13:16,2758.81,M28668,Entertainment,D040,26.941222,75.925592,Jaipur,Wallet,TRANSFER,1,HIGH_VELOCITY
U009-20240826175219-65197,U009,2024-08-26 17:52:19,20.0,M76552,Electricity,D009_3,26.803854,80.851335,Lucknow,Credit Card,TRANSFER,0,normal
U175-20240826175310-79568,U175,2024-08-26 17:53:10,1511.94,M58776,Entertainment,D175_1,17.415252,78.46236,Hyderabad,Wallet,TRANSFER,0,normal
U195-20240827103056-51480,U195,2024-08-27 10:30:56,8360.63,M59380,Healthcare,D195,17.501883,78.436113,Hyderabad,Debit Card,TOPUP,0,normal
U110-20240827121201-83626,U110,2024-08-27 12:12:01,345.27,M28186,Fuel,D110_2,26.902739,75.915906,Jaipur,Wallet,TOPUP,0,normal
U174-20240827133823-30301,U174,2024-08-27 13:38:23,1124.23,M57216,Electricity,D174_1,18.46815,73.794435,Pune,Wallet,PAYMENT,1,LOCATION_ANOMALY
U104-20240827170637-24027,U104,2024-08-27 17:06:37,20.0,M58093,Subscriptions,D104_1,28.669851,77.139436,Delhi,Wallet,TRANSFER,0,normal
U138-20240827173456-86192,U138,2024-08-27 17:34:56,692.64,M22808,Bills,D138_2,18.483357,73.797407,Pune,UPI,REFUND,0,normal
U171-20240827190943-34096,U171,2024-08-27 19:09:43,912.09,M79660,Education,D171,12.973864,74.992091,Mangalore,Credit Card,TRANSFER,0,normal
U073-20240827200549-98548,U073,2024-08-27 20:05:49,778.11,M19459,Travel,D073,19.11386,72.832084,Mumbai,Wallet,TOPUP,0,normal
U034-20240827204511-99532,U034,2024-08-27 20:45:11,319.33,M57774,Healthcare,D034_1,28.598728,77.178666,Delhi,Credit Card,TRANSFER,0,normal
U185-20240827224250-12938,U185,2024-08-27 22:42:50,1958.53,M59858,Taxi,D185_2,17.539158,78.446605,Hyderabad,Debit Card,TOPUP,0,normal
U054-20240828143912-47952,U054,2024-08-28 14:39:12,871.91,M58618,Education,D054_1,28.693986,77.167807,Delhi,Debit Card,REFUND,0,normal
U132-20240828145210-36158,U132,2024-08-28 14:52:10,1318.42,M06639,Shopping,D132,13.027667,77.63628,Bengaluru,Debit Card,PAYMENT,0,normal
U054-20240828174252-71533,U054,2024-08-28 17:42:52,338.52,M57283,Entertainment,D054_2,28.661959,77.066379,Delhi,UPI,TOPUP,0,normal
U152-20240828200825-18466,U152,2024-08-28 20:08:25,1479.75,M04380,Groceries,D152,12.919743,77.518221,Bengaluru,Wallet,REFUND,0,normal
U055-20240829082635-30815,U055,2024-08-29 08:26:35,621.78,M57585,Fuel,D055_1,17.325764,78.43277,Hyderabad,Wallet,PAYMENT,0,normal
U165-20240829113432-35928,U165,2024-08-29 11:34:32,2705.58,M59449,Education,D165,17.406297,78.538624,Hyderabad,Credit Card,TRANSFER,1,HIGH_AMOUNT
U016-20240829122100-79088,U016,2024-08-29 12:21:00,540.66,M34832,Entertainment,D016,13.156015,80.327169,Chennai,UPI,REFUND,0,normal
U140-20240829161649-36830,U140,2024-08-29 16:16:49,337.55,M27815,Electricity,D140_2,26.925521,75.855977,Jaipur,UPI,REFUND,0,normal
U177-20240829165621-45516,U177,2024-08-29 16:56:21,880.23,M61546,Fuel,D177_1,9.842825,76.311802,Kochi,UPI,REFUND,0,normal
U028-20240829175730-31089,U028,2024-08-29 17:57:30,212.06,M25169,Travel,D028,18.534397,73.982507,Pune,UPI,PAYMENT,0,normal
U186-20240829181034-80484,U186,2024-08-29 18:10:34,463.58,M35135,Entertainment,D186_2,13.056164,80.457352,Chennai,Wallet,PAYMENT,0,normal
U184-20240829181737-77371,U184,2024-08-29 18:17:37,311.05,M56558,Education,D184,28.562753,77.093015,Delhi,Credit Card,REFUND,0,normal
U110-20240829185258-93916,U110,2024-08-29 18:52:58,141.49,M27294,Healthcare,D110_1,26.805257,75.92418,Jaipur,UPI,TOPUP,0,normal
U002-20240829185509-63763,U002,2024-08-29 18:55:09,164.13,M06065,Healthcare,D002_2,13.005228,77.601276,Bengaluru,UPI,PAYMENT,0,normal
U120-20240829190211-11254,U120,2024-08-29 19:02:11,751.3,M25536,Bills,D120_1,26.803228,75.750388,Jaipur,Wallet,REFUND,0,normal
U020-20240830102015-85079,U020,2024-08-30 10:20:15,282.86,M27907,Shopping,D020_1,26.869927,75.9208,Jaipur,Debit Card,REFUND,0,normal
U103-20240830122613-74852,U103,2024-08-30 12:26:13,1144.0,M19640,Entertainment,D103_1,19.08515,72.87883,Mumbai,UPI,REFUND,0,normal
U188-20240830123812-45701,U188,2024-08-30 12:38:12,1678.66,M25109,Entertainment,D188,18.605344,73.905522,Pune,UPI,REFUND,0,normal
U189-20240830134625-44977,U189,2024-08-30 13:46:25,70.14,M77771,Bills,D189_2,26.861598,80.915511,Lucknow,Credit Card,TOPUP,0,normal
U055-20240830192242-13190,U055,2024-08-30 19:22:42,429.27,M56766,Electricity,D055_1,17.29239,78.384236,Hyderabad,Wallet,PAYMENT,0,normal
U171-20240830192841-61178,U171,2024-08-30 19:28:41,822.3,M78845,Entertainment,D171_3,13.008119,74.876408,Mangalore,Credit Card,PAYMENT,0,normal
U142-20240830203420-49095,U142,2024-08-30 20:34:20,2186.7,M03374,Bills,D142,12.817099,77.520277,Bengaluru,UPI,TOPUP,0,normal
U176-20240830203731-59905,U176,2024-08-30 20:37:31,394.54,M35094,Groceries,D176,13.10184,80.407568,Chennai,Wallet,TOPUP,0,normal
U007-20240830210319-38541,U007,2024-08-30 21:03:19,233.66,M60575,Education,D007,9.91202,76.145445,Kochi,Debit Card,REFUND,0,normal
U180-20240831132315-73921,U180,2024-08-31 13:23:15,181.02,M25126,Travel,D180_2,26.929011,75.58361,Jaipur,Debit Card,REFUND,0,normal
U024-20240831160631-18580,U024,2024-08-31 16:06:31,2745.3,M57103,Entertainment,D024_3,28.505424,77.204869,Delhi,Credit Card,REFUND,0,normal
U079-20240831171239-99734,U079,2024-08-31 17:12:39,751.37,M77661,Bills,D079_1,26.811267,80.95487,Lucknow,Debit Card,PAYMENT,0,normal
U195-20240901101224-50890,U195,2024-09-01 10:12:24,12313.67,M59234,Shopping,D195,17.49653,78.426829,Hyderabad,UPI,TRANSFER,0,normal
U180-20240901155751-33894,U180,2024-09-01 15:57:51,143.78,M25200,Subscriptions,D180_2,26.920564,75.599437,Jaipur,Debit Card,PAYMENT,1,MERCHANT_ANOMALY
U015-20240901180253-88509,U015,2024-09-01 18:02:53,7996.51,M57995,Taxi,D015,17.355992,78.443557,Hyderabad,UPI,TRANSFER,0,normal
U192-20240901202616-81376,U192,2024-09-01 20:26:16,723.22,M06722,Education,D192_2,13.024627,77.647605,Bengaluru,Credit Card,TOPUP,0,normal
U165-20240902110636-48192,U165,2024-09-02 11:06:36,717.87,M60757,Restaurants,D165_3,17.424583,78.651145,Hyderabad,Debit Card,TRANSFER,0,normal
U029-20240902122619-69201,U029,2024-09-02 12:26:19,1485.92,M76974,Bills,D029,26.849815,80.847593,Lucknow,UPI,REFUND,0,normal
U083-20240902123302-65028,U083,2024-09-02 12:33:02,577.43,M19078,Travel,D083_2,19.087136,72.820695,Mumbai,Credit Card,TRANSFER,0,normal
U125-20240902155258-75501,U125,2024-09-02 15:52:58,2150.7,M58412,Bills,D125_1,17.321169,78.520013,Hyderabad,Debit Card,REFUND,0,normal
U132-20240902181801-70105,U132,2024-09-02 18:18:01,363.02,M05301,Travel,D132,12.984903,77.545201,Bengaluru,Wallet,REFUND,0,normal
U073-20240902200819-17029,U073,2024-09-02 20:08:19,735.36,M20391,Education,D073,19.102492,72.936597,Mumbai,UPI,REFUND,0,normal
U198-20240902203124-13760,U198,2024-09-02 20:31:24,62.45,M24320,Entertainment,D198_3,18.490895,73.941063,Pune,Wallet,TOPUP,0,normal
U178-20240903012316-83341,U178,2024-09-03 01:23:16,12562.64,M25135,Bills,D1178,13.099094,80.33463,Chennai,Wallet,TOPUP,1,ACCOUNT_TAKEOVER
U104-20240903090435-82230,U104,2024-09-03 09:04:35,211.83,M57965,Electricity,D104_1,28.660136,77.136369,Delhi,Credit Card,REFUND,0,normal
U105-20240903111351-54483,U105,2024-09-03 11:13:51,1572.98,M58086,Bills,D105_1,17.315416,78.493218,Hyderabad,Wallet,TOPUP,0,normal
U153-20240903173630-41376,U153,2024-09-03 17:36:30,267.16,M19867,Fuel,D153_3,19.109772,72.865375,Mumbai,Wallet,REFUND,1,LOCATION_ANOMALY
U162-20240903175307-44552,U162,2024-09-03 17:53:07,235.21,M05264,Healthcare,D162_3,12.958789,77.56765,Bengaluru,Credit Card,REFUND,0,normal
U173-20240903185746-10663,U173,2024-09-03 18:57:46,596.09,M19976,Healthcare,D173_2,19.019611,72.977952,Mumbai,Credit Card,PAYMENT,0,normal
U109-20240904103554-62291,U109,2024-09-04 10:35:54,1463.97,M77545,Fuel,D109,26.794942,80.95952,Lucknow,Wallet,PAYMENT,0,normal
U122-20240904111940-49492,U122,2024-09-04 11:19:40,636.5,M03703,Groceries,D122_2,12.794573,77.575723,Bengaluru,UPI,REFUND,0,normal
U110-20240904161519-66286,U110,2024-09-04 16:15:19,253.9,M27194,Bills,D110_2,26.907892,75.811504,Jaipur,Debit Card,PAYMENT,0,normal
U015-20240904172328-55087,U015,2024-09-04 17:23:28,7189.4,M56922,Entertainment,D015_1,17.302824,78.389392,Hyderabad,Debit Card,PAYMENT,0,normal
U005-20240904172852-50464,U005,2024-09-04 17:28:52,1487.21,M58869,Travel,D005,17.400504,78.486367,Hyderabad,Wallet,REFUND,0,normal
U135-20240904221335-84365,U135,2024-09-04 22:13:35,570.37,M59785,Travel,D135_2,17.330457,78.648085,Hyderabad,Credit Card,TRANSFER,0,normal
U081-20240904221345-51765,U081,2024-09-04 22:13:45,242.06,M78290,Fuel,D081_3,12.866056,74.962928,Mangalore,Credit Card,TOPUP,0,normal
U136-20240905125905-15361,U136,2024-09-05 12:59:05,874.29,M33852,Entertainment,D136,13.106241,80.278957,Chennai,Debit Card,TOPUP,0,normal
U170-20240905162432-76160,U170,2024-09-05 16:24:32,4083.09,M25549,Electricity,D170_1,26.924198,75.630734,Jaipur,UPI,TOPUP,0,normal
U066-20240905170325-47206,U066,2024-09-05 17:03:25,1113.38,M34348,Entertainment,D066,13.221598,80.213231,Chennai,UPI,TOPUP,0,normal
U072-20240905170828-49753,U072,2024-09-05 17:08:28,1219.21,M05033,Restaurants,D072_1,12.917684,77.585666,Bengaluru,Credit Card,PAYMENT,0,normal
U014-20240905190026-55747,U014,2024-09-05 19:00:26,234.74,M58438,Shopping,D014_2,28.64528,77.198479,Delhi,Credit Card,PAYMENT,0,normal
U032-20240905195705-79942,U032,2024-09-05 19:57:05,811.77,M05263,Education,D032,12.931299,77.595028,Bengaluru,Credit Card,TOPUP,0,normal
U174-20240905201857-94198,U174,2024-09-05 20:18:57,1215.78,M57058,Travel,D174_1,28.587515,77.118276,Delhi,UPI,TRANSFER,0,normal
U119-20240905224354-33745,U119,2024-09-05 22:43:54,696.37,M77611,Taxi,D119_2,26.80268,80.958463,Lucknow,Wallet,PAYMENT,0,normal
U109-20240906125736-46902,U109,2024-09-06 12:57:36,2264.51,M78113,Electricity,D109_1,26.797033,81.014297,Lucknow,Wallet,REFUND,0,normal
U114-20240906134321-38594,U114,2024-09-06 13:43:21,1615.81,M56568,Restaurants,D114_2,28.629444,77.027355,Delhi,Wallet,TOPUP,0,normal
U112-20240906135219-53839,U112,2024-09-06 13:52:19,1061.48,M04981,Fuel,D112_1,12.86234,77.635718,Bengaluru,Wallet,REFUND,0,normal
U090-20240906144541-71108,U090,2024-09-06 14:45:41,1245.92,M27468,Healthcare,D090_1,26.871447,75.875331,Jaipur,UPI,PAYMENT,0,normal
U101-20240906165128-55863,U101,2024-09-06 16:51:28,773.72,M76062,Entertainment,D101_1,12.943865,74.662299,Mangalore,Wallet,PAYMENT,1,MERCHANT_ANOMALY
U180-20240906201951-21832,U180,2024-09-06 20:19:51,308.05,M24386,Education,D180,26.837961,75.600657,Jaipur,Credit Card,TOPUP,0,normal
U005-20240906224513-37484,U005,2024-09-06 22:45:13,2597.09,M59429,Shopping,D005_2,17.413693,78.529236,Hyderabad,Credit Card,TRANSFER,0,normal
U200-20240907115544-99934,U200,2024-09-07 11:55:44,1585.62,M27539,Fuel,D200_2,26.925761,75.828128,Jaipur,Wallet,PAYMENT,0,normal
U121-20240907133655-32806,U121,2024-09-07 13:36:55,107.01,M77343,Education,D121_1,12.95397,74.780297,Mangalore,UPI,REFUND,1,HIGH_VELOCITY
U148-20240907141500-29125,U148,2024-09-07 14:15:00,2491.04,M24931,Restaurants,D148_1,18.62112,73.872013,Pune,Credit Card,PAYMENT,1,HIGH_AMOUNT
U029-20240907160057-11605,U029,2024-09-07 16:00:57,1754.67,M76328,Taxi,D029_2,26.746928,80.885878,Lucknow,Wallet,REFUND,0,normal
U035-20240907185125-59107,U035,2024-09-07 18:51:25,765.12,M58230,Restaurants,D035_1,17.335372,78.487611,Hyderabad,UPI,TRANSFER,0,normal
U194-20240907190708-28129,U194,2024-09-07 19:07:08,1829.01,M59412,Bills,D194,28.758834,77.182383,Delhi,Wallet,TRANSFER,0,normal
U126-20240907194823-89917,U126,2024-09-07 19:48:23,20.0,M34859,Bills,D126_2,13.084531,80.40132,Chennai,UPI,TOPUP,0,normal
U008-20240908122441-65135,U008,2024-09-08 12:24:41,20.0,M23564,Restaurants,D008_1,18.544514,73.811852,Pune,UPI,PAYMENT,0,normal
U160-20240908150138-84796,U160,2024-09-08 15:01:38,266.22,M29020,Groceries,D160_1,26.897734,76.004219,Jaipur,UPI,PAYMENT,0,normal
U033-20240908181725-84890,U033,2024-09-08 18:17:25,214.68,M21350,Healthcare,D033,19.085336,73.049659,Mumbai,Wallet,TRANSFER,0,normal
U192-20240908182037-48080,U192,2024-09-08 18:20:37,1321.64,M06415,Subscriptions,D192_2,13.004184,77.637308,Bengaluru,Debit Card,REFUND,0,normal
U002-20240908184959-55191,U002,2024-09-08 18:49:59,244.1,M05469,Entertainment,D002_2,13.002822,77.544032,Bengaluru,Debit Card,TRANSFER,0,normal
U030-20240908185422-65300,U030,2024-09-08 18:54:22,914.85,M28442,Electricity,D030_3,26.923679,75.920479,Jaipur,Credit Card,PAYMENT,0,normal
U085-20240908212144-77516,U085,2024-09-08 21:21:44,471.58,M59012,Education,D085_1,17.417526,78.483704,Hyderabad,Debit Card,REFUND,0,normal
U063-20240908214354-96618,U063,2024-09-08 21:43:54,119.37,M17368,Subscriptions,D063,19.006893,72.729951,Mumbai,Debit Card,TOPUP,0,normal
U117-20240908220059-67755,U117,2024-09-08 22:00:59,232.12,M62106,Education,D117_2,12.972007,77.62062,Bengaluru,Wallet,TRANSFER,1,LOCATION_ANOMALY
U089-20240908231201-99959,U089,2024-09-08 23:12:01,108.65,M75119,Shopping,D1089,19.055588,72.83024,Mumbai,Wallet,TOPUP,1,ACCOUNT_TAKEOVER
U129-20240909025300-72890,U129,2024-09-09 02:53:00,1129.43,M78800,Subscriptions,D1129,28.606122,77.257396,Delhi,Wallet,PAYMENT,1,ACCOUNT_TAKEOVER
U193-20240909094941-17773,U193,2024-09-09 09:49:41,336.29,M20453,Groceries,D193_1,19.119024,72.92626,Mumbai,Debit Card,REFUND,0,normal
U146-20240909110317-90007,U146,2024-09-09 11:03:17,260.2,M33638,Shopping,D1146,13.047785,80.315985,Chennai,Credit Card,TRANSFER,1,NEW_DEVICE
U136-20240909123959-55145,U136,2024-09-09 12:39:59,798.55,M34982,Bills,D136_1,13.087449,80.410764,Chennai,UPI,TOPUP,0,normal
U078-20240909150731-29104,U078,2024-09-09 15:07:31,185.74,M25329,Healthcare,D078_2,18.537459,73.995446,Pune,Credit Card,PAYMENT,0,normal
U194-20240909152950-86153,U194,2024-09-09 15:29:50,1184.77,M59072,Bills,D194,28.728325,77.178914,Delhi,Wallet,PAYMENT,0,normal
U186-20240909173724-77885,U186,2024-09-09 17:37:24,215.59,M36253,Subscriptions,D186_3,13.108796,80.516525,Chennai,Wallet,PAYMENT,0,normal
U182-20240909174656-32440,U182,2024-09-09 17:46:56,746.03,M06668,Healthcare,D1182,12.9461,77.720661,Bengaluru,Debit Card,PAYMENT,1,NEW_DEVICE
U022-20240909203135-82408,U022,2024-09-09 20:31:35,2215.21,M05656,Healthcare,D022,12.974067,77.591537,Bengaluru,UPI,TRANSFER,0,normal
U127-20240910140825-65790,U127,2024-09-10 14:08:25,299.99,M60362,Travel,D127_1,9.847322,76.188854,Kochi,Credit Card,PAYMENT,0,normal
U112-20240910162609-75691,U112,2024-09-10 16:26:09,440.17,M03909,Healthcare,D112,12.834414,77.556487,Bengaluru,UPI,TRANSFER,0,normal
U006-20240910175928-94547,U006,2024-09-10 17:59:28,273.8,M31763,Subscriptions,D006_1,12.995018,80.181281,Chennai,Credit Card,TRANSFER,0,normal
U005-20240910180903-92651,U005,2024-09-10 18:09:03,1702.74,M58755,Fuel,D005_1,17.318987,78.556515,Hyderabad,Wallet,TOPUP,0,normal
U114-20240910202128-68816,U114,2024-09-10 20:21:28,2020.24,M57082,Education,D114_3,28.572525,77.135643,Delhi,UPI,REFUND,0,normal
U189-20240911120407-84397,U189,2024-09-11 12:04:07,509.31,M76676,Subscriptions,D189,26.765028,80.902588,Lucknow,Credit Card,PAYMENT,0,normal
U116-20240911180008-68611,U116,2024-09-11 18:00:08,2046.63,M36162,Bills,D116,13.14864,80.467542,Chennai,UPI,REFUND,0,normal
U078-20240911182858-93185,U078,2024-09-11 18:28:58,431.97,M25377,Shopping,D078_3,18.50806,74.029667,Pune,Wallet,TOPUP,0,normal
U109-20240911201247-39870,U109,2024-09-11 20:12:47,2182.8,M76633,Taxi,D109,26.756832,80.90645,Lucknow,UPI,TRANSFER,0,normal
U108-20240912131217-24613,U108,2024-09-12 13:12:17,107.19,M23725,Fuel,D108_2,18.570864,73.801651,Pune,Debit Card,REFUND,0,normal
U191-20240912131413-82898,U191,2024-09-12 13:14:13,483.97,M76827,Healthcare,D191,12.936556,74.746188,Mangalore,Credit Card,PAYMENT,0,normal
U114-20240912173850-88561,U114,2024-09-12 17:38:50,2423.15,M55065,Travel,D114,28.497765,77.008771,Delhi,Wallet,TOPUP,0,normal
U034-20240912173926-95443,U034,2024-09-12 17:39:26,405.01,M57803,Restaurants,D034,28.634175,77.146148,Delhi,Credit Card,TRANSFER,0,normal
U098-20240912180100-64089,U098,2024-09-12 18:01:00,750.74,M21238,Healthcare,D098_2,18.415069,73.708684,Pune,Wallet,PAYMENT,0,normal
U050-20240912191746-96384,U050,2024-09-12 19:17:46,570.6,M27214,Subscriptions,D050_2,26.92464,75.79679,Jaipur,Debit Card,TRANSFER,0,normal
U189-20240912223516-77782,U189,2024-09-12 22:35:16,661.92,M78346,Travel,D189_3,26.886443,80.948193,Lucknow,UPI,TOPUP,0,normal
U182-20240913101418-54426,U182,2024-09-13 10:14:18,2130.74,M06997,Education,D182,12.961269,77.738422,Bengaluru,Wallet,REFUND,0,normal
U062-20240913125121-86289,U062,2024-09-13 12:51:21,1554.03,M06903,Subscriptions,D062,12.99432,77.695933,Bengaluru,Credit Card,REFUND,0,normal
U047-20240913153139-72457,U047,2024-09-13 15:31:39,645.9,M62956,Taxi,D047,9.876081,76.419482,Kochi,Debit Card,TOPUP,0,normal
U162-20240913155107-32250,U162,2024-09-13 15:51:07,138.11,M04676,Subscriptions,D162_2,12.965815,77.501766,Bengaluru,Wallet,TRANSFER,0,normal
U011-20240913202630-34564,U011,2024-09-13 20:26:30,4608.47,M77435,Entertainment,D011,12.888136,74.855374,Mangalore,Credit Card,PAYMENT,0,normal
U162-20240914130823-53147,U162,2024-09-14 13:08:23,65.32,M04848,Entertainment,D162,12.952623,77.532217,Bengaluru,UPI,TRANSFER,0,normal
U081-20240914143518-73750,U081,2024-09-14 14:35:18,199.88,M77977,Shopping,D081_3,12.858757,74.938971,Mangalore,UPI,TOPUP,0,normal
U079-20240914154231-10327,U079,2024-09-14 15:42:31,262.65,M76996,Education,D079_1,26.806516,80.893057,Lucknow,Wallet,TRANSFER,0,normal
U129-20240914162424-90409,U129,2024-09-14 16:24:24,84.59,M78508,Groceries,D129_2,26.840383,81.010424,Lucknow,Credit Card,TOPUP,0,normal
U013-20240914214556-58442,U013,2024-09-14 21:45:56,384.76,M18476,Restaurants,D013,19.122392,72.725198,Mumbai,UPI,PAYMENT,0,normal
U141-20240914223436-71687,U141,2024-09-14 22:34:36,297.32,M80309,Education,D141,12.984603,75.046305,Mangalore,Debit Card,TRANSFER,0,normal
U157-20240915110901-81335,U157,2024-09-15 11:09:01,786.85,M61757,Shopping,D157_1,9.948057,76.227651,Kochi,Debit Card,PAYMENT,0,normal
U180-20240915133739-37963,U180,2024-09-15 13:37:39,410.87,M25244,Fuel,D1180,26.904414,75.619945,Jaipur,Wallet,TOPUP,1,NEW_DEVICE
U035-20240915150617-14346,U035,2024-09-15 15:06:17,483.34,M57371,Groceries,D035_2,17.324421,78.412637,Hyderabad,UPI,TOPUP,0,normal
U160-20240915152225-41365,U160,2024-09-15 15:22:25,383.8,M28325,Taxi,D160_1,26.858969,75.973524,Jaipur,Credit Card,TRANSFER,0,normal
U028-20240915161927-44165,U028,2024-09-15 16:19:27,224.5,M23629,Shopping,D028_1,18.47342,73.88951,Pune,Wallet,REFUND,0,normal
U161-20240915171711-84523,U161,2024-09-15 17:17:11,923.01,M78718,Groceries,D161_2,12.923617,74.948148,Mangalore,Credit Card,TRANSFER,0,normal
U025-20240915204149-17742,U025,2024-09-15 20:41:49,1031.56,M59297,Restaurants,D025_1,17.373077,78.556586,Hyderabad,Credit Card,TOPUP,0,normal
U089-20240916134134-87920,U089,2024-09-16 13:41:34,1542.14,M76219,Shopping,D089_1,26.750215,80.871724,Lucknow,Wallet,PAYMENT,0,normal
U132-20240916135144-49937,U132,2024-09-16 13:51:44,1079.42,M06612,Groceries,D132_2,13.016136,77.64505,Bengaluru,UPI,REFUND,0,normal
U113-20240916141235-47552,U113,2024-09-16 14:12:35,1001.62,M18259,Education,D113_1,18.990611,72.835253,Mumbai,UPI,PAYMENT,0,normal
U163-20240916181338-81223,U163,2024-09-16 18:13:38,931.33,M18863,Restaurants,D163_1,19.08726,72.799001,Mumbai,Wallet,TRANSFER,0,normal
U018-20240916182625-56189,U018,2024-09-16 18:26:25,3507.68,M23605,Restaurants,D018_3,18.49452,73.866011,Pune,Credit Card,REFUND,0,normal
U007-20240916221918-63280,U007,2024-09-16 22:19:18,327.83,M60292,Restaurants,D007_1,9.878209,76.15099,Kochi,Credit Card,REFUND,0,normal
U045-20240917042439-46463,U045,2024-09-17 04:24:39,3095.69,M58622,Fuel,D1045,12.919924,74.898724,Mangalore,UPI,REFUND,1,ACCOUNT_TAKEOVER
U174-20240917160229-51200,U174,2024-09-17 16:02:29,1990.84,M56311,Subscriptions,D174_2,28.599001,77.03211,Delhi,UPI,REFUND,0,normal
U164-20240917174111-46477,U164,2024-09-17 17:41:11,297.16,M57897,Fuel,D164,28.633878,77.155848,Delhi,Credit Card,PAYMENT,0,normal
U070-20240918135316-24387,U070,2024-09-18 13:53:16,342.46,M27350,Entertainment,D070_1,26.953632,75.781413,Jaipur,UPI,TRANSFER,0,normal
U018-20240918151446-14926,U018,2024-09-18 15:14:46,2979.02,M24760,Groceries,D018,18.549414,73.92661,Pune,UPI,TRANSFER,0,normal
U150-20240918161726-61050,U150,2024-09-18 16:17:26,611.44,M25901,Fuel,D150_3,26.819669,75.770473,Jaipur,Debit Card,REFUND,0,normal
U050-20240918175348-50762,U050,2024-09-18 17:53:48,1170.94,M26776,Subscriptions,D050_2,26.876123,75.801482,Jaipur,UPI,REFUND,0,normal
U086-20240918181019-55795,U086,2024-09-18 18:10:19,196.31,M33167,Healthcare,D086_1,13.011309,80.305348,Chennai,UPI,TRANSFER,0,normal
U024-20240918181835-18815,U024,2024-09-18 18:18:35,2103.74,M58228,Healthcare,D024,28.558917,77.263841,Delhi,UPI,PAYMENT,0,normal
U131-20240918211755-16953,U131,2024-09-18 21:17:55,105.75,M77429,Healthcare,D131_1,12.898701,74.844211,Mangalore,Debit Card,PAYMENT,0,normal
U122-20240919142554-57433,U122,2024-09-19 14:25:54,543.67,M05852,Education,D122_1,12.865368,77.719812,Bengaluru,Wallet,TRANSFER,0,normal
U169-20240919144257-21320,U169,2024-09-19 14:42:57,1297.1,M76739,Travel,D169,26.79375,80.880156,Lucknow,Wallet,TOPUP,0,normal
U188-20240919161211-40566,U188,2024-09-19 16:12:11,1165.65,M25255,Fuel,D188_2,18.625752,73.89977,Pune,UPI,TOPUP,0,normal
U118-20240919172651-38750,U118,2024-09-19 17:26:51,316.41,M23466,Fuel,D118,18.468316,73.878322,Pune,UPI,TOPUP,0,normal
U058-20240919182114-88815,U058,2024-09-19 18:21:14,676.17,M24609,Electricity,D058,18.513229,73.947697,Pune,Credit Card,PAYMENT,0,normal
U147-20240919190848-25237,U147,2024-09-19 19:08:48,186.49,M60753,Electricity,D147_1,9.876993,76.198304,Kochi,UPI,TOPUP,0,normal
U107-20240919223426-59027,U107,2024-09-19 22:34:26,363.84,M61399,Taxi,D1107,9.902828,76.2371,Kochi,UPI,PAYMENT,1,NEW_DEVICE
U187-20240919225846-44042,U187,2024-09-19 22:58:46,238.04,M62511,Travel,D187,9.918985,76.332067,Kochi,Wallet,PAYMENT,0,normal
U110-20240920090147-96631,U110,2024-09-20 09:01:47,198.29,M27997,Subscriptions,D110_2,26.823246,75.976477,Jaipur,Wallet,PAYMENT,0,normal
U189-20240920125440-10028,U189,2024-09-20 12:54:40,338.91,M77121,Travel,D189,26.852717,80.859374,Lucknow,Debit Card,PAYMENT,0,normal
U078-20240920134223-51466,U078,2024-09-20 13:42:23,392.15,M24904,Travel,D078,18.507368,73.983034,Pune,Wallet,PAYMENT,0,normal
U004-20240921115421-96955,U004,2024-09-21 11:54:21,814.07,M58640,Shopping,D004_1,28.664526,77.199443,Delhi,Wallet,REFUND,0,normal
U193-20240921124147-28726,U193,2024-09-21 12:41:47,360.65,M20144,Healthcare,D193_1,19.096146,72.918262,Mumbai,UPI,TOPUP,0,normal
U061-20240921140628-64332,U061,2024-09-21 14:06:28,724.34,M76247,Subscriptions,D061_1,12.815128,74.809582,Mangalore,UPI,REFUND,0,normal
U130-20240921152707-16233,U130,2024-09-21 15:27:07,1161.52,M26711,Healthcare,D130,26.997434,75.673616,Jaipur,UPI,PAYMENT,0,normal
U029-20240921162101-34219,U029,2024-09-21 16:21:01,335.08,M77108,Bills,D029,26.814799,80.89599,Lucknow,UPI,REFUND,0,normal
U156-20240921191558-13395,U156,2024-09-21 19:15:58,1923.18,M34089,Subscriptions,D156,13.141509,80.267429,Chennai,UPI,TOPUP,0,normal
U068-20240922063528-11624,U068,2024-09-22 06:35:28,1150.91,M24219,Bills,D1068,9.985253,76.161326,Kochi,UPI,TOPUP,1,ACCOUNT_TAKEOVER
U019-20240922093723-52130,U019,2024-09-22 09:37:23,286.38,M77058,Taxi,D019,26.806403,80.89941,Lucknow,Wallet,TOPUP,0,normal
U111-20240922123459-47181,U111,2024-09-22 12:34:59,1445.16,M78240,Electricity,D111_2,12.946006,74.878042,Mangalore,UPI,TRANSFER,1,HIGH_VELOCITY
U052-20240922132234-49039,U052,2024-09-22 13:22:34,532.67,M05443,Subscriptions,D052,12.93961,77.604728,Bengaluru,Debit Card,TRANSFER,0,normal
U066-20240922132339-11364,U066,2024-09-22 13:23:39,592.47,M33615,Restaurants,D066,13.129226,80.232274,Chennai,UPI,PAYMENT,0,normal
U038-20240922145110-64544,U038,2024-09-22 14:51:10,121.83,M23331,Travel,D038,18.421962,73.911093,Pune,Debit Card,TRANSFER,0,normal
U138-20240922165140-29725,U138,2024-09-22 16:51:40,569.46,M23990,Groceries,D138,18.55586,73.843131,Pune,Debit Card,REFUND,0,normal
U086-20240922184842-56898,U086,2024-09-22 18:48:42,153.51,M33258,Shopping,D086,13.010124,80.315709,Chennai,Wallet,REFUND,0,normal
U186-20240922201651-78644,U186,2024-09-22 20:16:51,509.27,M35846,Restaurants,D186,13.13153,80.45305,Chennai,Wallet,TRANSFER,0,normal
U019-20240922203343-76122,U019,2024-09-22 20:33:43,825.16,M77250,Fuel,D019,26.795215,80.929749,Lucknow,Credit Card,PAYMENT,0,normal
U077-20240922205908-97698,U077,2024-09-22 20:59:08,1612.63,M62954,Restaurants,D077_2,9.88437,76.411074,Kochi,Credit Card,REFUND,0,normal
U005-20240922210413-14779,U005,2024-09-22 21:04:13,1362.15,M59219,Education,D005_2,17.36552,78.556353,Hyderabad,Wallet,TOPUP,0,normal
U100-20240923045124-30097,U100,2024-09-23 04:51:24,3235.36,M26872,Restaurants,D1100,26.902427,80.868879,Lucknow,Credit Card,REFUND,1,ACCOUNT_TAKEOVER
U139-20240923120433-30595,U139,2024-09-23 12:04:33,26.9,M77839,Restaurants,D139,26.720831,81.063073,Lucknow,Credit Card,REFUND,0,normal
U055-20240923133118-75670,U055,2024-09-23 13:31:18,470.79,M56856,Travel,D055,17.297689,78.387942,Hyderabad,Wallet,PAYMENT,0,normal
U138-20240923180059-51508,U138,2024-09-23 18:00:59,1163.64,M24468,Groceries,D138_2,18.547655,73.899163,Pune,Credit Card,TRANSFER,0,normal
U091-20240924105014-95130,U091,2024-09-24 10:50:14,582.27,M77950,Restaurants,D091,12.912695,74.882292,Mangalore,Debit Card,PAYMENT,0,normal
U093-20240924120331-78832,U093,2024-09-24 12:03:31,1551.7,M20162,Fuel,D093_3,19.106134,72.910076,Mumbai,UPI,PAYMENT,0,normal
U087-20240924120728-35078,U087,2024-09-24 12:07:28,299.45,M61962,Fuel,D087_1,9.925289,76.270936,Kochi,Credit Card,TRANSFER,0,normal
U159-20240924120746-99357,U159,2024-09-24 12:07:46,2778.11,M78114,Groceries,D159_2,26.836209,80.975204,Lucknow,UPI,PAYMENT,0,normal
U154-20240924125816-36725,U154,2024-09-24 12:58:16,708.86,M60527,Travel,D154,28.685118,77.367596,Delhi,Credit Card,PAYMENT,0,normal
U030-20240924135314-68539,U030,2024-09-24 13:53:14,397.35,M27612,Entertainment,D030_1,26.902258,75.858943,Jaipur,Credit Card,PAYMENT,0,normal
U070-20240924142744-67190,U070,2024-09-24 14:27:44,712.82,M26630,Subscriptions,D070,26.884729,75.778313,Jaipur,Wallet,TRANSFER,0,normal
U101-20240924175518-79018,U101,2024-09-24 17:55:18,1344.87,M77198,Bills,D101_2,12.972282,74.747533,Mangalore,Wallet,PAYMENT,0,normal
U052-20240924203450-17089,U052,2024-09-24 20:34:50,773.61,M05097,Restaurants,D052,12.934182,77.575499,Bengaluru,Wallet,TRANSFER,0,normal
U003-20240925120735-89789,U003,2024-09-25 12:07:35,207.14,M19849,Shopping,D003_1,19.116538,72.868397,Mumbai,Credit Card,PAYMENT,0,normal
U086-20240925124336-49292,U086,2024-09-25 12:43:36,313.56,M32497,Fuel,D086_1,12.973256,80.276471,Chennai,Credit Card,PAYMENT,0,normal
U178-20240925140930-58653,U178,2024-09-25 14:09:30,1115.46,M24715,Bills,D178_1,18.585957,73.885571,Pune,Credit Card,REFUND,0,normal
U064-20240925155051-37846,U064,2024-09-25 15:50:51,433.26,M58916,Healthcare,D064,28.612428,77.279129,Delhi,Credit Card,PAYMENT,0,normal
U042-20240925200155-86713,U042,2024-09-25 20:01:55,20.0,M03099,Restaurants,D042,12.868413,77.441439,Bengaluru,UPI,PAYMENT,0,normal
U184-20240925202140-14806,U184,2024-09-25 20:21:40,487.31,M58684,Groceries,D184,28.593765,77.274683,Delhi,Wallet,PAYMENT,1,MERCHANT_ANOMALY
U168-20240925203908-52238,U168,2024-09-25 20:39:08,992.02,M23511,Electricity,D168_1,18.470043,73.881085,Pune,UPI,TRANSFER,0,normal
U085-20240926160034-66722,U085,2024-09-26 16:00:34,613.48,M60015,Groceries,D085_1,17.444311,78.5572,Hyderabad,UPI,TOPUP,0,normal
U012-20240926171626-71322,U012,2024-09-26 17:16:26,515.78,M05760,Groceries,D012_1,13.053811,77.522208,Bengaluru,Credit Card,TOPUP,0,normal
U112-20240926185339-44044,U112,2024-09-26 18:53:39,141.51,M05658,Electricity,D112,12.874835,77.690997,Bengaluru,UPI,REFUND,0,normal
U062-20240926194849-36674,U062,2024-09-26 19:48:49,255.9,M07319,Healthcare,D062,13.035093,77.696808,Bengaluru,Credit Card,TRANSFER,0,normal
U175-20240927131730-70987,U175,2024-09-27 13:17:30,2155.46,M57237,Subscriptions,D175_1,17.404106,78.319593,Hyderabad,Debit Card,PAYMENT,0,normal
U078-20240927133755-37589,U078,2024-09-27 13:37:55,290.1,M24948,Taxi,D078_2,18.545596,73.949234,Pune,Wallet,PAYMENT,0,normal
U095-20240927145719-22622,U095,2024-09-27 14:57:19,79.23,M58124,Entertainment,D095,17.454441,78.357994,Hyderabad,UPI,TOPUP,0,normal
U086-20240927192144-20188,U086,2024-09-27 19:21:44,143.04,M33298,Fuel,D086_2,13.029661,80.300121,Chennai,Debit Card,REFUND,0,normal
U143-20240927201804-22007,U143,2024-09-27 20:18:04,175.28,M19129,Taxi,D143_2,19.07018,72.842678,Mumbai,Debit Card,TOPUP,0,normal
U129-20240927214357-85760,U129,2024-09-27 21:43:57,490.32,M79246,Healthcare,D129_3,26.909048,81.015514,Lucknow,Debit Card,PAYMENT,1,HIGH_VELOCITY
U144-20240928133547-21765,U144,2024-09-28 13:35:47,3189.57,M61235,Subscriptions,D144_3,28.625583,77.497868,Delhi,Credit Card,PAYMENT,0,normal
U005-20240928155852-67088,U005,2024-09-28 15:58:52,1654.24,M59831,Travel,D005_1,17.41477,78.568321,Hyderabad,Debit Card,REFUND,0,normal
U126-20240928165756-33777,U126,2024-09-28 16:57:56,115.92,M35588,Entertainment,D126,13.135692,80.423098,Chennai,Debit Card,PAYMENT,0,normal
U148-20240928195848-42279,U148,2024-09-28 19:58:48,425.89,M24253,Shopping,D1148,18.552965,73.872293,Pune,Wallet,PAYMENT,1,NEW_DEVICE
U093-20240929122759-28735,U093,2024-09-29 12:27:59,1466.31,M19586,Taxi,D093_3,19.067425,72.891143,Mumbai,Wallet,REFUND,0,normal
U008-20240929191045-41011,U008,2024-09-29 19:10:45,1205.18,M22962,Groceries,D008_2,18.502377,73.793803,Pune,Credit Card,TOPUP,0,normal
U048-20240929200340-82428,U048,2024-09-29 20:03:40,2731.33,M23478,Restaurants,D048_1,18.414731,73.933074,Pune,UPI,PAYMENT,0,normal
U108-20240929200918-20034,U108,2024-09-29 20:09:18,217.56,M24523,Education,D108,18.572887,73.879407,Pune,Credit Card,REFUND,0,normal
U138-20240929200932-19537,U138,2024-09-29 20:09:32,1441.3,M23299,Healthcare,D138_2,18.482759,73.847141,Pune,Wallet,TOPUP,0,normal
U051-20240929225216-62386,U051,2024-09-29 22:52:16,955.26,M76824,Shopping,D051_1,12.946553,74.735864,Mangalore,Debit Card,PAYMENT,0,normal
U099-20240930104516-85837,U099,2024-09-30 10:45:16,2372.73,M76704,Entertainment,D099,26.88174,80.788643,Lucknow,UPI,TOPUP,0,normal
U112-20240930131303-58275,U112,2024-09-30 13:13:03,424.32,M05054,Electricity,D112,12.84451,77.660905,Bengaluru,Credit Card,TRANSFER,0,normal
U070-20240930133238-14966,U070,2024-09-30 13:32:38,253.31,M27329,Bills,D070,26.900438,75.83251,Jaipur,Credit Card,TRANSFER,0,normal
U198-20240930141234-21071,U198,2024-09-30 14:12:34,216.19,M23748,Healthcare,D198_1,18.473621,73.901202,Pune,Wallet,TRANSFER,0,normal
U052-20240930154910-35948,U052,2024-09-30 15:49:10,526.72,M05143,Restaurants,D052_1,12.938597,77.575707,Bengaluru,Credit Card,TOPUP,0,normal
U176-20240930182430-56005,U176,2024-09-30 18:24:30,1047.54,M34611,Shopping,D176_2,13.110085,80.351027,Chennai,UPI,TOPUP,0,normal
U079-20240930182902-48600,U079,2024-09-30 18:29:02,263.65,M77646,Groceries,D079,26.859403,80.905215,Lucknow,Wallet,TRANSFER,0,normal
U200-20240930193813-32006,U200,2024-09-30 19:38:13,370.4,M28732,Groceries,D200,27.022894,75.850344,Jaipur,Credit Card,TOPUP,0,normal
U094-20240930203716-95555,U094,2024-09-30 20:37:16,647.47,M55960,Education,D094_1,28.506614,77.089361,Delhi,Wallet,PAYMENT,0,normal
U164-20241001112621-67605,U164,2024-10-01 11:26:21,428.64,M58068,Entertainment,D164_2,28.626921,77.179915,Delhi,Credit Card,REFUND,0,normal
U112-20241001122924-19226,U112,2024-10-01 12:29:24,930.85,M04983,Groceries,D112_1,12.862623,77.635692,Bengaluru,UPI,TRANSFER,0,normal
U196-20241001132330-15699,U196,2024-10-01 13:23:30,274.73,M33875,Taxi,D196,13.121814,80.265682,Chennai,UPI,REFUND,0,normal
U134-20241001140908-72344,U134,2024-10-01 14:09:08,890.72,M56500,Electricity,D134,28.537073,77.112901,Delhi,UPI,TRANSFER,0,normal
U193-20241001143637-43190,U193,2024-10-01 14:36:37,183.09,M20604,Groceries,D193,19.089753,72.970687,Mumbai,Credit Card,TRANSFER,0,normal
U072-20241001172704-98374,U072,2024-10-01 17:27:04,807.11,M03936,Travel,D072,12.894021,77.499576,Bengaluru,Credit Card,TOPUP,0,normal
U150-20241001181401-37617,U150,2024-10-01 18:14:01,1383.14,M26644,Groceries,D150_2,26.901806,75.762626,Jaipur,Wallet,TRANSFER,0,normal
U145-20241001194751-50319,U145,2024-10-01 19:47:51,409.24,M58570,Education,D145_1,17.380428,78.476608,Hyderabad,UPI,REFUND,0,normal
U029-20241001204422-15138,U029,2024-10-01 20:44:22,1144.64,M76370,Taxi,D029_1,26.755958,80.881022,Lucknow,Wallet,TRANSFER,0,normal
U168-20241002155121-88283,U168,2024-10-02 15:51:21,512.2,M23729,Education,D168_2,18.476187,73.896745,Pune,Credit Card,PAYMENT,0,normal
U015-20241002162333-64110,U015,2024-10-02 16:23:33,6357.02,M58010,Restaurants,D015_2,12.894768,74.946097,Mangalore,Wallet,TRANSFER,1,LOCATION_ANOMALY
U086-20241002200750-18270,U086,2024-10-02 20:07:50,2573.96,M33398,Taxi,D086_2,12.981388,80.358407,Chennai,Credit Card,PAYMENT,1,HIGH_AMOUNT
U141-20241003125747-80024,U141,2024-10-03 12:57:47,340.92,M80419,Healthcare,D141_1,12.976013,75.065925,Mangalore,Debit Card,REFUND,0,normal
U196-20241003131117-67224,U196,2024-10-03 13:11:17,225.66,M34435,Fuel,D196_1,13.169602,80.273866,Chennai,Debit Card,TOPUP,0,normal
U129-20241003134249-24267,U129,2024-10-03 13:42:49,189.66,M78270,Bills,D129,26.839437,80.987611,Lucknow,Debit Card,REFUND,0,normal
U187-20241003163957-90138,U187,2024-10-03 16:39:57,754.02,M61789,Subscriptions,D187_1,9.955662,76.223202,Kochi,Credit Card,TOPUP,0,normal
U190-20241003200600-37917,U190,2024-10-03 20:06:00,452.4,M28457,Restaurants,D190,26.976923,75.868816,Jaipur,Credit Card,REFUND,0,normal
U118-20241003203302-43944,U118,2024-10-03 20:33:02,93.79,M24073,Travel,D118_1,18.493942,73.913375,Pune,UPI,TOPUP,0,normal
U196-20241003205900-79016,U196,2024-10-03 20:59:00,178.48,M33636,Shopping,D196_1,13.112704,80.250892,Chennai,Wallet,TOPUP,0,normal
U097-20241003221540-60250,U097,2024-10-03 22:15:40,193.23,M60831,Taxi,D097_1,9.827881,76.255249,Kochi,Wallet,TOPUP,0,normal
U103-20241003224820-51081,U103,2024-10-03 22:48:20,1433.8,M19758,Healthcare,D103_1,19.068287,72.907491,Mumbai,Wallet,TOPUP,0,normal
U118-20241004022532-51938,U118,2024-10-04 02:25:32,2638.42,M23438,Healthcare,D1118,13.010312,77.652105,Bengaluru,Credit Card,PAYMENT,1,ACCOUNT_TAKEOVER
U133-20241004081312-34319,U133,2024-10-04 08:13:12,481.71,M18720,Bills,D133_1,19.102415,72.76961,Mumbai,UPI,TOPUP,0,normal
U022-20241004112936-34815,U022,2024-10-04 11:29:36,3794.91,M05609,Groceries,D022_1,12.900219,77.660713,Bengaluru,Debit Card,REFUND,0,normal
U166-20241004150259-56233,U166,2024-10-04 15:02:59,766.05,M32087,Electricity,D166,19.048137,72.830988,Mumbai,Debit Card,PAYMENT,1,LOCATION_ANOMALY
U140-20241004150344-13635,U140,2024-10-04 15:03:44,192.58,M26801,Entertainment,D140,26.875909,75.804187,Jaipur,Wallet,REFUND,0,normal
U051-20241004172037-68152,U051,2024-10-04 17:20:37,1565.14,M77319,Groceries,D051_2,12.926659,74.80521,Mangalore,Wallet,TRANSFER,0,normal
U031-20241004185131-31708,U031,2024-10-04 18:51:31,1301.19,M77209,Travel,D031,12.983014,74.73784,Mangalore,Credit Card,REFUND,0,normal
U109-20241005095837-96882,U109,2024-10-05 09:58:37,396.98,M77619,Restaurants,D109_1,26.805042,80.9569,Lucknow,Debit Card,TOPUP,0,normal
U164-20241005124719-32053,U164,2024-10-05 12:47:19,1316.41,M57701,Education,D164_1,28.576325,77.19376,Delhi,Wallet,TRANSFER,1,HIGH_VELOCITY
U049-20241005153429-38494,U049,2024-10-05 15:34:29,2690.96,M78066,Entertainment,D049_1,26.84368,80.962893,Lucknow,UPI,REFUND,0,normal
U045-20241005194627-95556,U045,2024-10-05 19:46:27,527.98,M58437,Subscriptions,D045_1,17.346528,78.497128,Hyderabad,Wallet,REFUND,0,normal
U167-20241005222137-28474,U167,2024-10-05 22:21:37,463.8,M62538,Entertainment,D167_1,9.999087,76.254667,Kochi,Wallet,TOPUP,0,normal
U142-20241006110518-31410,U142,2024-10-06 11:05:18,1186.37,M02930,Shopping,D142,12.750586,77.542436,Bengaluru,Wallet,TRANSFER,1,MERCHANT_ANOMALY
U134-20241006111856-13397,U134,2024-10-06 11:18:56,2047.88,M57172,Taxi,D134_1,28.564565,77.152684,Delhi,Wallet,TRANSFER,0,normal
U053-20241006133644-28261,U053,2024-10-06 13:36:44,729.17,M19760,Education,D053_2,19.145404,72.830592,Mumbai,Credit Card,TRANSFER,0,normal
U009-20241006151327-56458,U009,2024-10-06 15:13:27,959.51,M77660,Fuel,D009_3,26.869617,80.937182,Lucknow,Debit Card,TRANSFER,1,LOCATION_ANOMALY
U043-20241006185307-93677,U043,2024-10-06 18:53:07,1773.82,M20713,Fuel,D043_1,19.108338,72.96294,Mumbai,UPI,TOPUP,0,normal
U148-20241006191240-75597,U148,2024-10-06 19:12:40,1748.27,M25066,Taxi,D148,18.579781,73.926779,Pune,Wallet,TOPUP,0,normal
U071-20241006204848-73703,U071,2024-10-06 20:48:48,130.22,M78751,Travel,D071_2,12.949352,74.925764,Mangalore,Credit Card,TOPUP,0,normal
U056-20241007135531-54282,U056,2024-10-07 13:55:31,20.0,M33480,Groceries,D056_1,13.150761,80.1972,Chennai,Credit Card,REFUND,0,normal
U089-20241007174125-18260,U089,2024-10-07 17:41:25,689.65,M75210,Subscriptions,D089_2,26.705978,80.814991,Lucknow,Credit Card,PAYMENT,0,normal
U125-20241007193946-68124,U125,2024-10-07 19:39:46,3996.64,M58900,Fuel,D125_2,17.339209,78.550788,Hyderabad,Wallet,PAYMENT,0,normal
U017-20241007213332-43226,U017,2024-10-07 21:33:32,907.7,M62721,Entertainment,D017_2,9.925125,76.346946,Kochi,Credit Card,TOPUP,0,normal
U193-20241007214746-69489,U193,2024-10-07 21:47:46,186.86,M20025,Travel,D193,19.068327,72.934221,Mumbai,Wallet,TOPUP,0,normal
U140-20241008120428-77237,U140,2024-10-08 12:04:28,354.52,M26523,Fuel,D140_2,26.871809,75.780455,Jaipur,Wallet,TRANSFER,0,normal
U026-20241008143022-59912,U026,2024-10-08 14:30:22,1821.86,M34937,Fuel,D026_1,13.151186,80.342543,Chennai,Wallet,PAYMENT,0,normal
U114-20241008154456-43971,U114,2024-10-08 15:44:56,1264.61,M56475,Electricity,D114_1,28.547712,77.099758,Delhi,Credit Card,PAYMENT,0,normal
U017-20241008220448-21594,U017,2024-10-08 22:04:48,501.71,M63722,Taxi,D017,9.937895,76.434353,Kochi,Credit Card,PAYMENT,0,normal
U110-20241009125043-65491,U110,2024-10-09 12:50:43,97.53,M28349,Taxi,D110_1,26.854308,75.980594,Jaipur,Wallet,TOPUP,0,normal
U141-20241009133812-88478,U141,2024-10-09 13:38:12,254.58,M79866,Subscriptions,D141_1,12.976096,75.010458,Mangalore,Debit Card,PAYMENT,0,normal
U068-20241009161757-15662,U068,2024-10-09 16:17:57,525.46,M25393,Taxi,D068_2,18.522073,74.017193,Pune,Credit Card,PAYMENT,0,normal
U100-20241009163609-73847,U100,2024-10-09 16:36:09,348.59,M27917,Restaurants,D100,26.981505,75.810236,Jaipur,Credit Card,PAYMENT,0,normal
U008-20241009182452-80859,U008,2024-10-09 18:24:52,570.48,M23140,Taxi,D008_1,18.483447,73.830563,Pune,Credit Card,TOPUP,0,normal
U140-20241009200849-66593,U140,2024-10-09 20:08:49,485.23,M28103,Travel,D140_2,26.930998,75.879258,Jaipur,UPI,TOPUP,0,normal
U050-20241009201733-97192,U050,2024-10-09 20:17:33,562.12,M27032,Subscriptions,D050_2,26.844642,75.858545,Jaipur,UPI,TOPUP,0,normal
U083-20241010124933-74804,U083,2024-10-10 12:49:33,755.29,M19133,Education,D083_1,19.072891,72.840398,Mumbai,Credit Card,PAYMENT,0,normal
U047-20241010173412-41315,U047,2024-10-10 17:34:12,3197.72,M62454,Education,D047_2,9.814532,76.430905,Kochi,Wallet,REFUND,0,normal
U137-20241010180954-39069,U137,2024-10-10 18:09:54,362.93,M62091,Entertainment,D137_2,9.941358,76.267717,Kochi,Credit Card,TOPUP,0,normal
U124-20241010183045-80443,U124,2024-10-10 18:30:45,341.93,M57866,Groceries,D124,28.661104,77.125506,Delhi,UPI,TRANSFER,0,normal
U143-20241010192147-13155,U143,2024-10-10 19:21:47,1080.76,M19504,Electricity,D143_2,19.054805,72.89562,Mumbai,Debit Card,PAYMENT,0,normal
U150-20241010201353-18501,U150,2024-10-10 20:13:53,1293.45,M26889,Travel,D150,26.849156,75.839749,Jaipur,Wallet,REFUND,0,normal
U177-20241011141903-87125,U177,2024-10-11 14:19:03,530.25,M61745,Groceries,D177_1,9.87823,76.296226,Kochi,Debit Card,REFUND,0,normal
U097-20241011144637-22342,U097,2024-10-11 14:46:37,246.96,M61284,Electricity,D097_1,9.894727,76.233698,Kochi,Wallet,PAYMENT,0,normal
U028-20241011145622-58108,U028,2024-10-11 14:56:22,201.77,M24212,Entertainment,D028_1,28.618645,77.334515,Delhi,UPI,TOPUP,1,LOCATION_ANOMALY
U075-20241011155144-55375,U075,2024-10-11 15:51:44,2251.39,M58332,Electricity,D075_2,17.393462,78.439703,Hyderabad,Debit Card,PAYMENT,0,normal
U015-20241011172045-27054,U015,2024-10-11 17:20:45,395.26,M57389,Groceries,D015_1,17.329434,78.409496,Hyderabad,Credit Card,TRANSFER,0,normal
U106-20241011180141-17477,U106,2024-10-11 18:01:41,55.15,M32255,Fuel,D106_1,12.9669,80.258636,Chennai,UPI,PAYMENT,0,normal
U002-20241011190402-89605,U002,2024-10-11 19:04:02,377.25,M04388,Shopping,D002,12.954349,77.484458,Bengaluru,UPI,TOPUP,0,normal
U056-20241011191928-73346,U056,2024-10-11 19:19:28,273.79,M32382,Entertainment,D056,13.137821,80.100356,Chennai,Credit Card,TRANSFER,0,normal
U060-20241011193206-16324,U060,2024-10-11 19:32:06,194.22,M25099,Subscriptions,D060_1,26.886841,75.623083,Jaipur,Credit Card,TOPUP,1,MERCHANT_ANOMALY
U146-20241012103407-28297,U146,2024-10-12 10:34:07,211.01,M34286,Entertainment,D146_1,13.056974,80.371611,Chennai,UPI,REFUND,0,normal
U136-20241012110957-31643,U136,2024-10-12 11:09:57,1438.1,M33930,Shopping,D136,13.056835,80.33617,Chennai,UPI,REFUND,0,normal
U123-20241012135004-64227,U123,2024-10-12 13:50:04,2884.5,M19392,Subscriptions,D123,19.087662,72.851499,Mumbai,Credit Card,REFUND,0,normal
U027-20241012175244-16688,U027,2024-10-12 17:52:44,820.13,M61426,Electricity,D027_1,9.898511,76.244097,Kochi,UPI,REFUND,0,normal
U115-20241012194046-86434,U115,2024-10-12 19:40:46,1070.66,M59549,Education,D115,17.333051,78.62184,Hyderabad,UPI,PAYMENT,0,normal
U135-20241013120224-86293,U135,2024-10-13 12:02:24,775.04,M59228,Taxi,D135_1,26.837779,81.121935,Lucknow,UPI,PAYMENT,1,LOCATION_ANOMALY
U184-20241013154619-66961,U184,2024-10-13 15:46:19,465.16,M57808,Subscriptions,D184,28.632487,77.148329,Delhi,Credit Card,REFUND,0,normal
U184-20241014115033-87735,U184,2024-10-14 11:50:33,20.0,M57526,Education,D184_1,28.580859,77.171767,Delhi,Wallet,TRANSFER,0,normal
U041-20241014124430-35032,U041,2024-10-14 12:44:30,231.43,M76943,Education,D041_1,12.818616,74.875667,Mangalore,Debit Card,TRANSFER,0,normal
U003-20241014150450-13273,U003,2024-10-14 15:04:50,243.02,M19760,Taxi,D003_2,19.136818,72.839163,Mumbai,Debit Card,TOPUP,0,normal
U112-20241014155614-55937,U112,2024-10-14 15:56:14,669.54,M04668,Travel,D112,12.864346,77.602415,Bengaluru,Credit Card,PAYMENT,0,normal
U192-20241014163338-28368,U192,2024-10-14 16:33:38,1574.75,M06245,Education,D192_3,13.046129,77.578335,Bengaluru,Wallet,PAYMENT,0,normal
U131-20241014173030-14380,U131,2024-10-14 17:30:30,94.29,M78530,Fuel,D131_1,12.922903,74.930077,Mangalore,Wallet,REFUND,0,normal
U100-20241014192217-89333,U100,2024-10-14 19:22:17,107.74,M26201,Bills,D100_1,26.938235,75.681843,Jaipur,UPI,REFUND,0,normal
U141-20241015115049-57089,U141,2024-10-15 11:50:49,503.34,M78940,Shopping,D141,12.869468,75.024574,Mangalore,Debit Card,TRANSFER,0,normal
U153-20241015134933-22619,U153,2024-10-15 13:49:33,136.94,M19781,Healthcare,D153_1,19.164527,72.813563,Mumbai,Debit Card,TOPUP,0,normal
U180-20241015171849-54698,U180,2024-10-15 17:18:49,20.0,M24864,Education,D180_1,26.875352,75.611028,Jaipur,Credit Card,TRANSFER,0,normal
U149-20241015173844-99368,U149,2024-10-15 17:38:44,468.77,M77243,Shopping,D149_2,26.819076,80.905177,Lucknow,UPI,PAYMENT,0,normal
U027-20241015174142-97551,U027,2024-10-15 17:41:42,663.68,M61939,Healthcare,D027_2,9.949255,76.244691,Kochi,Debit Card,TRANSFER,0,normal
U083-20241015180944-82374,U083,2024-10-15 18:09:44,1539.54,M19142,Subscriptions,D083,19.053157,72.861068,Mumbai,Debit Card,TOPUP,0,normal
U066-20241015191121-50116,U066,2024-10-15 19:11:21,1503.51,M34444,Restaurants,D066_1,13.185053,80.259301,Chennai,Wallet,TRANSFER,0,normal
U066-20241015194853-52967,U066,2024-10-15 19:48:53,1677.69,M33210,Travel,D066_2,13.176554,80.144434,Chennai,Credit Card,TRANSFER,0,normal
U035-20241016133509-68310,U035,2024-10-16 13:35:09,602.64,M58279,Taxi,D035_2,17.354009,78.473879,Hyderabad,UPI,PAYMENT,0,normal
U067-20241016150307-13464,U067,2024-10-16 15:03:07,1617.85,M62775,Healthcare,D067,9.860946,76.416515,Kochi,Wallet,TOPUP,0,normal
U178-20241016164423-85224,U178,2024-10-16 16:44:23,1951.73,M24831,Education,D178_1,18.557992,73.925117,Pune,Credit Card,TRANSFER,0,normal
U084-20241017130133-72860,U084,2024-10-17 13:01:33,417.6,M59940,Healthcare,D084,28.709558,77.284475,Delhi,Credit Card,PAYMENT,0,normal
U040-20241017164112-68596,U040,2024-10-17 16:41:12,2618.91,M29287,Fuel,D040,26.979515,75.949137,Jaipur,Credit Card,TOPUP,0,normal
U018-20241017172843-74851,U018,2024-10-17 17:28:43,2514.8,M24294,Bills,D018_2,18.512757,73.916623,Pune,Wallet,TRANSFER,0,normal
U082-20241017205439-30897,U082,2024-10-17 20:54:39,173.45,M04643,Shopping,D082_1,12.965242,77.499093,Bengaluru,UPI,TRANSFER,0,normal
U157-20241018122013-80828,U157,2024-10-18 12:20:13,609.17,M62853,Bills,D157_1,10.011568,76.273743,Kochi,Wallet,PAYMENT,0,normal
U078-20241018152713-87837,U078,2024-10-18 15:27:13,383.58,M24612,Education,D078,18.511701,73.949508,Pune,UPI,TRANSFER,0,normal
U128-20241018184214-58025,U128,2024-10-18 18:42:14,547.55,M23767,Travel,D128,18.486561,73.890111,Pune,Wallet,REFUND,0,normal
U082-20241018203412-33951,U082,2024-10-18 20:34:12,40.28,M04636,Subscriptions,D082,13.035146,77.428461,Bengaluru,Credit Card,REFUND,0,normal
U014-20241019121542-75117,U014,2024-10-19 12:15:42,265.94,M58360,Healthcare,D014,28.619317,77.216698,Delhi,Credit Card,REFUND,0,normal
U194-20241019144311-31130,U194,2024-10-19 14:43:11,1530.93,M59047,Fuel,D194_2,28.678072,77.226669,Delhi,Wallet,PAYMENT,0,normal
U036-20241019180556-37210,U036,2024-10-19 18:05:56,789.82,M34352,Travel,D036_2,13.040661,80.394527,Chennai,Credit Card,REFUND,0,normal
U154-20241019182941-55102,U154,2024-10-19 18:29:41,1129.29,M60882,Bills,D154,28.685039,77.403139,Delhi,Debit Card,PAYMENT,0,normal
U026-20241019185601-60148,U026,2024-10-19 18:56:01,1553.81,M34831,Education,D026_2,13.138853,80.344243,Chennai,Credit Card,TOPUP,1,MERCHANT_ANOMALY
U170-20241019191537-34090,U170,2024-10-19 19:15:37,2562.91,M26134,Shopping,D170_1,26.904097,75.709267,Jaipur,Wallet,TOPUP,0,normal
U198-20241019201626-57256,U198,2024-10-19 20:16:26,420.91,M23492,Healthcare,D198,18.486781,73.862408,Pune,Debit Card,TRANSFER,0,normal
U096-20241020043226-22463,U096,2024-10-20 04:32:26,3419.82,M32850,Shopping,D1096,26.954571,75.764064,Jaipur,UPI,TOPUP,1,ACCOUNT_TAKEOVER
U121-20241020132936-84025,U121,2024-10-20 13:29:36,309.07,M77169,Shopping,D121_1,12.95377,74.763097,Mangalore,UPI,REFUND,0,normal
U157-20241020183146-81936,U157,2024-10-20 18:31:46,368.78,M61645,Healthcare,D157,9.942524,76.222026,Kochi,Wallet,TRANSFER,0,normal
U105-20241020191823-18676,U105,2024-10-20 19:18:23,1797.58,M58300,Electricity,D105,17.292787,78.537175,Hyderabad,UPI,PAYMENT,0,normal
U030-20241020195606-14850,U030,2024-10-20 19:56:06,659.64,M27848,Education,D030_2,26.937233,75.847526,Jaipur,Credit Card,REFUND,0,normal
U167-20241020203558-30826,U167,2024-10-20 20:35:58,2020.39,M62319,Electricity,D167_2,9.95856,76.273367,Kochi,Debit Card,PAYMENT,0,normal
U027-20241021102526-83704,U027,2024-10-21 10:25:26,1161.38,M61834,Entertainment,D027,9.923698,76.259724,Kochi,UPI,TOPUP,0,normal
U097-20241021112028-17752,U097,2024-10-21 11:20:28,404.63,M60188,Education,D097,9.804175,76.214625,Kochi,Wallet,TRANSFER,0,normal
U028-20241021131216-34292,U028,2024-10-21 13:12:16,179.72,M24490,Shopping,D028,18.544559,73.904467,Pune,UPI,REFUND,0,normal
U069-20241021141508-65069,U069,2024-10-21 14:15:08,3421.52,M77086,Groceries,D069_2,26.824335,80.884305,Lucknow,Debit Card,TRANSFER,0,normal
U147-20241021154521-73883,U147,2024-10-21 15:45:21,776.17,M60266,Bills,D147_1,9.857651,76.168993,Kochi,Debit Card,PAYMENT,1,HIGH_AMOUNT
U108-20241021163719-19908,U108,2024-10-21 16:37:19,430.18,M23385,Shopping,D108_2,18.559643,73.778877,Pune,Credit Card,PAYMENT,0,normal
U069-20241021182913-14030,U069,2024-10-21 18:29:13,2897.21,M76870,Groceries,D069_2,26.85677,80.830201,Lucknow,Debit Card,REFUND,0,normal
U172-20241021184251-15436,U172,2024-10-21 18:42:51,1843.65,M06874,Travel,D172,13.084624,77.602818,Bengaluru,Credit Card,REFUND,0,normal
U019-20241021223420-21327,U019,2024-10-21 22:34:20,607.44,M76904,Restaurants,D019_1,26.781218,80.909166,Lucknow,Credit Card,REFUND,0,normal
U043-20241022121244-77578,U043,2024-10-22 12:12:44,1372.47,M20764,Entertainment,D043,19.127384,72.948983,Mumbai,Credit Card,REFUND,0,normal
U112-20241022125912-95683,U112,2024-10-22 12:59:12,834.81,M05043,Fuel,D112,12.892905,77.611376,Bengaluru,Credit Card,TRANSFER,0,normal
U084-20241022162423-54910,U084,2024-10-22 16:24:23,1051.91,M60718,Travel,D084_2,28.745015,77.326813,Delhi,UPI,TOPUP,0,normal
U082-20241023123420-93265,U082,2024-10-23 12:34:20,77.39,M03817,Healthcare,D082,12.954632,77.427098,Bengaluru,Wallet,PAYMENT,0,normal
U096-20241023143927-36556,U096,2024-10-23 14:39:27,101.56,M32629,Restaurants,D096,13.045313,80.217619,Chennai,UPI,TOPUP,0,normal
U160-20241023150130-89769,U160,2024-10-23 15:01:30,576.2,M28939,Travel,D160_1,26.879114,76.014744,Jaipur,Wallet,PAYMENT,0,normal
U040-20241023150308-52655,U040,2024-10-23 15:03:08,2162.68,M28299,Electricity,D040,26.936112,75.893754,Jaipur,Wallet,TOPUP,0,normal
U059-20241023152453-82507,U059,2024-10-23 15:24:53,3540.22,M74809,Education,D059,26.847526,80.63336,Lucknow,Credit Card,TRANSFER,0,normal
U076-20241023160833-38760,U076,2024-10-23 16:08:33,1163.4,M33074,Travel,D076_1,13.123072,80.184338,Chennai,Wallet,REFUND,0,normal
U071-20241023192916-28897,U071,2024-10-23 19:29:16,116.84,M78501,Fuel,D071,12.929379,74.920744,Mangalore,Debit Card,PAYMENT,0,normal
U122-20241023201915-13933,U122,2024-10-23 20:19:15,1220.67,M04589,Restaurants,D1122,12.855653,77.603202,Bengaluru,Credit Card,TRANSFER,1,NEW_DEVICE
U038-20241023203634-29273,U038,2024-10-23 20:36:34,134.51,M23427,Healthcare,D038_1,18.418607,73.92406,Pune,Credit Card,PAYMENT,0,normal
U161-20241023204223-45009,U161,2024-10-23 20:42:23,1205.04,M77348,Shopping,D161,12.835263,74.899494,Mangalore,Wallet,PAYMENT,0,normal
U192-20241024014720-76161,U192,2024-10-24 01:47:20,1902.07,M06249,Travel,D1192,13.127938,80.28168,Chennai,Credit Card,REFUND,1,ACCOUNT_TAKEOVER
U007-20241024082925-69667,U007,2024-10-24 08:29:25,296.0,M60915,Bills,D007_1,9.89617,76.195303,Kochi,Debit Card,TRANSFER,0,normal
U181-20241024101758-78574,U181,2024-10-24 10:17:58,1480.9,M77274,Subscriptions,D181,12.920505,74.806932,Mangalore,Debit Card,PAYMENT,0,normal
U020-20241024112427-85344,U020,2024-10-24 11:24:27,227.44,M26755,Bills,D020_1,26.837307,75.838204,Jaipur,UPI,PAYMENT,0,normal
U175-20241024155328-51604,U175,2024-10-24 15:53:28,1658.35,M58879,Entertainment,D175_1,17.440331,78.447557,Hyderabad,Debit Card,PAYMENT,0,normal
U188-20241024163421-17998,U188,2024-10-24 16:34:21,1265.4,M24279,Shopping,D188,18.550212,73.877711,Pune,Debit Card,TRANSFER,0,normal
U168-20241024163810-37036,U168,2024-10-24 16:38:10,325.31,M24076,Shopping,D168_3,18.454258,73.953364,Pune,Debit Card,PAYMENT,0,normal
U084-20241024182812-62754,U084,2024-10-24 18:28:12,1004.04,M60178,Travel,D084,28.764624,77.253201,Delhi,Debit Card,TOPUP,1,MERCHANT_ANOMALY
U022-20241024185652-96498,U022,2024-10-24 18:56:52,20.0,M06195,Education,D022,13.020162,77.599366,Bengaluru,UPI,PAYMENT,0,normal
U060-20241024201329-99432,U060,2024-10-24 20:13:29,20.0,M26316,Fuel,D060_3,26.910294,75.721303,Jaipur,Wallet,TRANSFER,0,normal
U005-20241024215510-43008,U005,2024-10-24 21:55:10,1238.02,M58493,Healthcare,D005_2,17.37001,78.479268,Hyderabad,Credit Card,REFUND,0,normal
U187-20241025111559-54281,U187,2024-10-25 11:15:59,348.36,M61190,Education,D187,9.932368,76.186613,Kochi,Wallet,REFUND,0,normal
U113-20241025123242-29479,U113,2024-10-25 12:32:42,934.75,M19444,Electricity,D113_2,19.079423,72.865005,Mumbai,UPI,REFUND,0,normal
U049-20241025132400-93814,U049,2024-10-25 13:24:00,5138.78,M77851,Restaurants,D049_1,26.858612,80.926455,Lucknow,UPI,REFUND,0,normal
U099-20241025134151-93768,U099,2024-10-25 13:41:51,2145.15,M78364,Healthcare,D099_3,26.943454,80.892904,Lucknow,Wallet,TOPUP,0,normal
U024-20241025141807-65313,U024,2024-10-25 14:18:07,1931.14,M57400,Healthcare,D024_1,28.567093,77.172941,Delhi,Wallet,TOPUP,0,normal
U034-20241025150541-57071,U034,2024-10-25 15:05:41,475.55,M57911,Taxi,D034,28.643669,77.147382,Delhi,Wallet,TOPUP,0,normal
U067-20241025152255-21443,U067,2024-10-25 15:22:55,1969.17,M63337,Healthcare,D067,9.916739,76.416996,Kochi,Debit Card,REFUND,0,normal
U032-20241025172649-28060,U032,2024-10-25 17:26:49,809.73,M04697,Groceries,D032_1,12.942169,77.527527,Bengaluru,UPI,TRANSFER,0,normal
U155-20241025192309-98516,U155,2024-10-25 19:23:09,712.92,M60174,Taxi,D155_2,17.455901,78.561507,Hyderabad,Wallet,REFUND,0,normal
U132-20241025205944-35560,U132,2024-10-25 20:59:44,485.67,M05753,Shopping,D132_3,13.020228,77.555029,Bengaluru,Credit Card,PAYMENT,0,normal
U128-20241026021851-52350,U128,2024-10-26 02:18:51,177.69,M23445,Bills,D128,18.458664,73.885797,Pune,Wallet,REFUND,1,UNUSUAL_TIME
U152-20241026163304-80728,U152,2024-10-26 16:33:04,1731.6,M04291,Shopping,D152,12.900422,77.528718,Bengaluru,Credit Card,PAYMENT,0,normal
U149-20241026164508-94243,U149,2024-10-26 16:45:08,526.14,M77732,Taxi,D149,26.878513,80.894658,Lucknow,Wallet,TOPUP,0,normal
U192-20241026172030-11581,U192,2024-10-26 17:20:30,2295.73,M06477,Education,D192,13.031517,77.616133,Bengaluru,Wallet,REFUND,0,normal
U048-20241026193020-98059,U048,2024-10-26 19:30:20,1402.58,M23836,Healthcare,D048,18.441097,73.942546,Pune,Wallet,REFUND,0,normal
U120-20241026193846-40604,U120,2024-10-26 19:38:46,1177.89,M25803,Shopping,D120,26.833607,75.74666,Jaipur,Debit Card,PAYMENT,0,normal
U129-20241027113447-65611,U129,2024-10-27 11:34:47,535.97,M77229,Shopping,D129_1,26.840754,80.882135,Lucknow,Wallet,REFUND,0,normal
U151-20241027124101-47291,U151,2024-10-27 12:41:01,511.9,M78596,Education,D151_1,12.871745,74.987842,Mangalore,Wallet,REFUND,0,normal
U172-20241027133542-24064,U172,2024-10-27 13:35:42,1572.29,M06075,Electricity,D172,12.98997,77.617531,Bengaluru,Credit Card,REFUND,0,normal
U062-20241027134030-78207,U062,2024-10-27 13:40:30,868.14,M07195,Taxi,D062,13.032762,77.686785,Bengaluru,UPI,PAYMENT,0,normal
U046-20241027145546-50049,U046,2024-10-27 14:55:46,1439.64,M33609,Travel,D046,13.078094,80.28283,Chennai,Credit Card,PAYMENT,0,normal
U179-20241027164633-39523,U179,2024-10-27 16:46:33,2453.71,M78889,Travel,D179_1,26.890879,80.997996,Lucknow,Wallet,TRANSFER,0,normal
U006-20241027181353-97680,U006,2024-10-27 18:13:53,39.67,M31764,Shopping,D006,12.980547,80.195815,Chennai,Debit Card,PAYMENT,0,normal
U013-20241027182612-87647,U013,2024-10-27 18:26:12,428.17,M19210,Electricity,D013,19.121386,72.799655,Mumbai,Debit Card,TRANSFER,0,normal
U157-20241027200616-82220,U157,2024-10-27 20:06:16,450.85,M61583,Healthcare,D157,9.926232,76.232051,Kochi,Debit Card,TOPUP,0,normal
U179-20241027220553-38580,U179,2024-10-27 22:05:53,2641.41,M78216,Travel,D179,26.87735,80.944212,Lucknow,Wallet,TOPUP,0,normal
U088-20241028153403-26769,U088,2024-10-28 15:34:03,1589.82,M23486,Healthcare,D088,18.510863,73.837784,Pune,Debit Card,TRANSFER,0,normal
U012-20241028173403-18634,U012,2024-10-28 17:34:03,568.15,M05295,Healthcare,D012,13.032505,77.496995,Bengaluru,Credit Card,REFUND,0,normal
U079-20241029092215-31683,U079,2024-10-29 09:22:15,267.17,M76902,Restaurants,D079_1,26.797909,80.892337,Lucknow,Credit Card,TOPUP,0,normal
U161-20241029145819-39077,U161,2024-10-29 14:58:19,1140.34,M78135,Education,D161_2,12.89551,74.918034,Mangalore,Wallet,TOPUP,0,normal
U012-20241029172022-20375,U012,2024-10-29 17:20:22,1328.91,M04961,Shopping,D012,13.005571,77.490502,Bengaluru,UPI,TOPUP,0,normal
U131-20241029174317-68469,U131,2024-10-29 17:43:17,320.78,M78726,Subscriptions,D131_2,12.938915,74.93365,Mangalore,Wallet,TRANSFER,0,normal
U081-20241029225906-65186,U081,2024-10-29 22:59:06,741.22,M78244,Fuel,D081_1,12.855426,74.969012,Mangalore,Credit Card,PAYMENT,0,normal
U040-20241030135811-67434,U040,2024-10-30 13:58:11,2599.32,M28127,Bills,D040_1,26.983069,75.829609,Jaipur,Debit Card,TRANSFER,0,normal
U125-20241030142449-16414,U125,2024-10-30 14:24:49,2830.27,M58497,Education,D125_2,17.3128,78.536896,Hyderabad,Debit Card,PAYMENT,0,normal
U010-20241030181525-76142,U010,2024-10-30 18:15:25,1121.03,M25407,Electricity,D010_1,26.848173,75.692483,Jaipur,Wallet,REFUND,0,normal
U079-20241031125648-61461,U079,2024-10-31 12:56:48,740.78,M78504,Education,D079,26.856236,80.994145,Lucknow,UPI,REFUND,0,normal
U198-20241031133400-96990,U198,2024-10-31 13:34:00,535.89,M23832,Subscriptions,D1198,18.500334,73.882865,Pune,UPI,PAYMENT,1,NEW_DEVICE
U043-20241031164838-93694,U043,2024-10-31 16:48:38,1210.97,M20883,Electricity,D043,19.117898,72.970447,Mumbai,Credit Card,TRANSFER,0,normal
U167-20241031174721-50621,U167,2024-10-31 17:47:21,3016.66,M62353,Groceries,D167_1,9.926466,76.30886,Kochi,Debit Card,TRANSFER,0,normal
U136-20241031191642-25541,U136,2024-10-31 19:16:42,947.9,M34528,Taxi,D136_1,13.101908,80.350893,Chennai,Wallet,TRANSFER,0,normal
U181-20241031221234-56609,U181,2024-10-31 22:12:34,1352.26,M76720,Restaurants,D181_1,12.915807,74.756178,Mangalore,Wallet,TOPUP,0,normal
U063-20241031223509-22973,U063,2024-10-31 22:35:09,587.7,M17658,Healthcare,D063_1,19.021436,72.744385,Mumbai,Debit Card,PAYMENT,1,MERCHANT_ANOMALY
U017-20241101121706-19817,U017,2024-11-01 12:17:06,618.07,M63699,Education,D017_2,9.920256,76.449691,Kochi,UPI,TRANSFER,0,normal
U117-20241101161243-13862,U117,2024-11-01 16:12:43,102.76,M61683,Bills,D117_3,9.932747,76.235507,Kochi,Debit Card,PAYMENT,0,normal
U137-20241101180401-80797,U137,2024-11-01 18:04:01,850.24,M61680,Subscriptions,D137,9.959709,76.20825,Kochi,Debit Card,TOPUP,0,normal
U027-20241101200211-25090,U027,2024-11-01 20:02:11,1048.68,M62259,Healthcare,D027_2,9.977014,76.248857,Kochi,UPI,PAYMENT,0,normal
U129-20241102100829-26039,U129,2024-11-02 10:08:29,464.66,M77721,Electricity,D129_1,26.807323,80.964732,Lucknow,Debit Card,PAYMENT,1,MERCHANT_ANOMALY
U063-20241102185314-12117,U063,2024-11-02 18:53:14,580.37,M18797,Bills,D063_1,19.10442,72.7753,Mumbai,Debit Card,PAYMENT,0,normal
U116-20241102185510-45776,U116,2024-11-02 18:55:10,785.77,M34928,Education,D116_1,13.104601,80.388187,Chennai,Debit Card,REFUND,0,normal
U043-20241102200238-13003,U043,2024-11-02 20:02:38,1549.34,M21717,Electricity,D043_1,19.120107,73.051548,Mumbai,Debit Card,PAYMENT,0,normal
U130-20241102201128-47321,U130,2024-11-02 20:11:28,1109.99,M27159,Restaurants,D130_1,26.998063,75.717859,Jaipur,UPI,TRANSFER,0,normal
U143-20241102223706-16238,U143,2024-11-02 22:37:06,46.17,M18577,Entertainment,D143,19.040666,72.817019,Mumbai,Debit Card,TRANSFER,0,normal
U035-20241103133847-18640,U035,2024-11-03 13:38:47,638.1,M58878,Shopping,D035,17.334966,78.552834,Hyderabad,Debit Card,REFUND,0,normal
U041-20241103140627-92512,U041,2024-11-03 14:06:27,374.0,M76523,Education,D041,12.830094,74.822231,Mangalore,Debit Card,PAYMENT,0,normal
U180-20241103164941-95572,U180,2024-11-03 16:49:41,388.56,M25168,Fuel,D180_2,26.896558,75.62023,Jaipur,Wallet,TRANSFER,0,normal
U151-20241103170635-83475,U151,2024-11-03 17:06:35,793.23,M78080,Taxi,D151,12.897522,74.910469,Mangalore,UPI,REFUND,0,normal
U119-20241103173538-72942,U119,2024-11-03 17:35:38,1030.16,M78997,Electricity,D119_1,26.845199,81.054497,Lucknow,Credit Card,TRANSFER,0,normal
U179-20241103183441-34975,U179,2024-11-03 18:34:41,2769.16,M78456,Restaurants,D179_2,26.85557,80.98999,Lucknow,Debit Card,PAYMENT,0,normal
U071-20241103222934-43121,U071,2024-11-03 22:29:34,99.24,M78340,Subscriptions,D071_1,12.889315,74.94472,Mangalore,Credit Card,PAYMENT,0,normal
U052-20241104124849-68559,U052,2024-11-04 12:48:49,447.07,M04281,Shopping,D052,12.904763,77.523362,Bengaluru,Credit Card,TRANSFER,0,normal
U066-20241104133008-14277,U066,2024-11-04 13:30:08,1299.04,M34294,Electricity,D066,13.171714,80.257663,Chennai,Wallet,REFUND,0,normal
U003-20241104133904-83025,U003,2024-11-04 13:39:04,528.15,M19370,Electricity,D003,19.025556,72.911403,Mumbai,UPI,PAYMENT,0,normal
U113-20241104151134-98287,U113,2024-11-04 15:11:34,644.28,M19119,Education,D113_1,19.027793,72.884127,Mumbai,Credit Card,TOPUP,0,normal
U152-20241104162256-22406,U152,2024-11-04 16:22:56,1524.82,M04539,Healthcare,D152_1,12.945305,77.508617,Bengaluru,Debit Card,TOPUP,0,normal
U131-20241104221443-52487,U131,2024-11-04 22:14:43,360.34,M77432,Healthcare,D131_2,12.951214,74.791953,Mangalore,Credit Card,TRANSFER,0,normal
U058-20241105172637-49861,U058,2024-11-05 17:26:37,1750.85,M25218,Shopping,D058,18.60008,73.921769,Pune,Wallet,TOPUP,0,normal
U155-20241105173158-34649,U155,2024-11-05 17:31:58,857.4,M60354,Taxi,D155,17.48515,78.550288,Hyderabad,UPI,TRANSFER,0,normal
U076-20241105195232-24582,U076,2024-11-05 19:52:32,379.21,M33460,Subscriptions,D076,13.132945,80.213067,Chennai,Credit Card,PAYMENT,0,normal
U168-20241105203744-78251,U168,2024-11-05 20:37:44,651.49,M23597,Restaurants,D168_1,18.4782,73.881458,Pune,Credit Card,REFUND,0,normal
U003-20241106130909-85022,U003,2024-11-06 13:09:09,141.48,M20082,Restaurants,D003_3,19.088155,72.920021,Mumbai,Debit Card,REFUND,0,normal
U081-20241106140147-70198,U081,2024-11-06 14:01:47,237.39,M77956,Taxi,D081_1,12.85157,74.944077,Mangalore,Credit Card,TRANSFER,0,normal
U199-20241106142425-21775,U199,2024-11-06 14:24:25,662.78,M76315,Fuel,D199,26.797015,80.834479,Lucknow,Debit Card,PAYMENT,0,normal
U126-20241106172645-87430,U126,2024-11-06 17:26:45,60.3,M35674,Subscriptions,D126,13.12023,80.447187,Chennai,UPI,PAYMENT,0,normal
U159-20241106200818-98130,U159,2024-11-06 20:08:18,3136.62,M77805,Shopping,D159,26.83369,80.946857,Lucknow,Debit Card,REFUND,0,normal
U148-20241107135627-43653,U148,2024-11-07 13:56:27,857.54,M24713,Travel,D148_1,18.552667,73.918604,Pune,Credit Card,REFUND,0,normal
U025-20241107184216-19368,U025,2024-11-07 18:42:16,909.45,M59062,Taxi,D025_1,17.317021,78.589143,Hyderabad,Wallet,REFUND,0,normal
U194-20241107184332-17386,U194,2024-11-07 18:43:32,1571.08,M59175,Electricity,D194_1,28.699176,77.218315,Delhi,Credit Card,PAYMENT,0,normal
U085-20241107191240-95703,U085,2024-11-07 19:12:40,123.48,M59302,Healthcare,D085_1,17.404188,78.525989,Hyderabad,Debit Card,REFUND,0,normal
U012-20241108140415-45224,U012,2024-11-08 14:04:15,635.81,M06634,Shopping,D012_3,13.115044,77.548401,Bengaluru,Wallet,TOPUP,0,normal
U106-20241108195324-83552,U106,2024-11-08 19:53:24,333.16,M32957,Restaurants,D106,13.013192,80.282508,Chennai,Wallet,PAYMENT,0,normal
U030-20241108203335-72101,U030,2024-11-08 20:33:35,444.57,M28161,Healthcare,D030_3,26.917778,75.898319,Jaipur,Wallet,TRANSFER,0,normal
U046-20241109114506-41728,U046,2024-11-09 11:45:06,1018.99,M34789,Fuel,D046,13.104842,80.374074,Chennai,UPI,TOPUP,0,normal
U170-20241109124342-38860,U170,2024-11-09 12:43:42,6018.17,M27060,Healthcare,D170,26.936186,75.769778,Jaipur,UPI,PAYMENT,0,normal
U187-20241109152449-35039,U187,2024-11-09 15:24:49,656.82,M61016,Fuel,D187,9.922646,76.178958,Kochi,Credit Card,REFUND,0,normal
U033-20241109160426-49873,U033,2024-11-09 16:04:26,634.85,M21387,Groceries,D033_2,19.136654,73.002061,Mumbai,UPI,TOPUP,0,normal
U154-20241109162115-61803,U154,2024-11-09 16:21:15,1049.24,M60072,Healthcare,D154,28.671857,77.335344,Delhi,Credit Card,TOPUP,0,normal
U080-20241109162507-24415,U080,2024-11-09 16:25:07,315.2,M26262,Electricity,D080,26.88233,75.743849,Jaipur,UPI,TRANSFER,0,normal
U162-20241109173247-81241,U162,2024-11-09 17:32:47,321.9,M05426,Groceries,D162_2,12.947625,77.594984,Bengaluru,UPI,PAYMENT,0,normal
U070-20241109190654-51960,U070,2024-11-09 19:06:54,543.47,M27355,Bills,D070_1,26.965619,75.769862,Jaipur,Wallet,TOPUP,0,normal
U070-20241109200659-83796,U070,2024-11-09 20:06:59,638.03,M27284,Travel,D070_1,26.937565,75.790829,Jaipur,Wallet,TRANSFER,0,normal
U094-20241109202455-89975,U094,2024-11-09 20:24:55,618.46,M56186,Fuel,D094,28.520144,77.098435,Delhi,Debit Card,TRANSFER,0,normal
U147-20241109202508-26479,U147,2024-11-09 20:25:08,371.11,M59924,Subscriptions,D147,9.875105,76.117314,Kochi,UPI,TRANSFER,0,normal
U013-20241109205002-54694,U013,2024-11-09 20:50:02,513.47,M19213,Education,D013_1,19.121746,72.799559,Mumbai,Wallet,REFUND,0,normal
U110-20241110095647-94274,U110,2024-11-10 09:56:47,124.64,M26490,Travel,D110,26.758607,75.890418,Jaipur,Wallet,TOPUP,0,normal
U141-20241110120021-38951,U141,2024-11-10 12:00:21,155.95,M80232,Fuel,D141_3,12.903423,75.119793,Mangalore,Wallet,TOPUP,0,normal
U064-20241110133332-11849,U064,2024-11-10 13:33:32,3941.57,M59391,Fuel,D064_1,28.597226,77.341918,Delhi,Wallet,REFUND,1,HIGH_AMOUNT
U056-20241110135023-17329,U056,2024-11-10 13:50:23,445.56,M33123,Electricity,D056_1,13.13447,80.177866,Chennai,Wallet,TRANSFER,0,normal
U172-20241110142546-36421,U172,2024-11-10 14:25:46,1797.04,M06095,Entertainment,D172,12.998903,77.610583,Bengaluru,Debit Card,TRANSFER,0,normal
U105-20241110192426-23817,U105,2024-11-10 19:24:26,1649.06,M57810,Shopping,D105,17.273522,78.507445,Hyderabad,UPI,TRANSFER,0,normal
U166-20241111171951-31178,U166,2024-11-11 17:19:51,691.65,M32761,Taxi,D166_1,13.008079,80.268031,Chennai,UPI,TRANSFER,0,normal
U187-20241112091543-52833,U187,2024-11-12 09:15:43,368.31,M62177,Education,D187_1,9.90311,76.314571,Kochi,UPI,TOPUP,0,normal
U008-20241112104514-44664,U008,2024-11-12 10:45:14,654.29,M22310,Groceries,D008_1,18.449829,73.781195,Pune,Debit Card,TRANSFER,0,normal
U076-20241112165542-76013,U076,2024-11-12 16:55:42,1074.5,M33415,Subscriptions,D1076,13.146081,80.195424,Chennai,Debit Card,PAYMENT,1,NEW_DEVICE
U109-20241112173521-72946,U109,2024-11-12 17:35:21,1328.88,M77903,Groceries,D109_1,26.803219,80.987072,Lucknow,Wallet,PAYMENT,0,normal
U029-20241112181824-82918,U029,2024-11-12 18:18:24,855.06,M76680,Groceries,D029,26.759915,80.908052,Lucknow,Debit Card,PAYMENT,0,normal
U182-20241113104355-43383,U182,2024-11-13 10:43:55,2108.16,M06412,Healthcare,D182,12.93271,77.708512,Bengaluru,Debit Card,TOPUP,0,normal
U140-20241113123553-59422,U140,2024-11-13 12:35:53,315.5,M26665,Bills,D140_2,26.823328,75.843199,Jaipur,Credit Card,TOPUP,0,normal
U154-20241113130534-47341,U154,2024-11-13 13:05:34,722.58,M59497,Bills,D154,28.604588,77.345127,Delhi,UPI,TRANSFER,0,normal
U005-20241113135509-70976,U005,2024-11-13 13:55:09,888.47,M58564,Shopping,D005_1,17.299904,78.556496,Hyderabad,Debit Card,TOPUP,0,normal
U115-20241113141602-85920,U115,2024-11-13 14:16:02,358.85,M58751,Subscriptions,D115,17.345174,78.529918,Hyderabad,UPI,REFUND,0,normal
U002-20241113150206-32221,U002,2024-11-13 15:02:06,408.18,M04905,Healthcare,D002,12.956708,77.533788,Bengaluru,Credit Card,REFUND,0,normal
U119-20241113151831-78300,U119,2024-11-13 15:18:31,841.96,M78040,Bills,D119_2,26.784716,81.019322,Lucknow,UPI,TRANSFER,0,normal
U174-20241113173203-22231,U174,2024-11-13 17:32:03,1343.26,M55854,Travel,D174_3,28.586031,76.999392,Delhi,Debit Card,PAYMENT,1,HIGH_VELOCITY
U044-20241113193922-72362,U044,2024-11-13 19:39:22,231.38,M57324,Restaurants,D044_1,28.524121,77.208237,Delhi,Credit Card,PAYMENT,0,normal
U064-20241114135346-31693,U064,2024-11-14 13:53:46,381.73,M59231,Taxi,D064_1,28.61948,77.30362,Delhi,Debit Card,REFUND,1,HIGH_VELOCITY
U001-20241114151540-86749,U001,2024-11-14 15:15:40,1082.62,M77559,Entertainment,D001_1,12.912015,74.843877,Mangalore,Wallet,TRANSFER,0,normal
U180-20241114152401-62910,U180,2024-11-14 15:24:01,425.51,M25171,Bills,D180_1,26.933792,75.583323,Jaipur,Credit Card,PAYMENT,0,normal
U116-20241114181853-21557,U116,2024-11-14 18:18:53,2914.72,M35749,Groceries,D116_1,13.185945,80.388947,Chennai,Debit Card,TRANSFER,0,normal
U160-20241114190048-75209,U160,2024-11-14 19:00:48,210.23,M28650,Subscriptions,D160,26.842452,76.022499,Jaipur,Debit Card,PAYMENT,0,normal
U099-20241114200541-96065,U099,2024-11-14 20:05:41,1129.91,M77075,Education,D099_2,26.91953,80.788009,Lucknow,Wallet,TOPUP,0,normal
U037-20241115092850-44211,U037,2024-11-15 09:28:50,2164.36,M61194,Shopping,D037_1,9.987739,76.131644,Kochi,Wallet,PAYMENT,0,normal
U032-20241115100148-30411,U032,2024-11-15 10:01:48,908.15,M05219,Taxi,D032_1,12.9784,77.543472,Bengaluru,Debit Card,REFUND,0,normal
U060-20241115131708-94494,U060,2024-11-15 13:17:08,217.26,M25695,Education,D060_3,26.93174,75.637762,Jaipur,Wallet,TOPUP,0,normal
U150-20241115142146-92124,U150,2024-11-15 14:21:46,1049.13,M26329,Bills,D150,26.859793,75.773144,Jaipur,Debit Card,PAYMENT,0,normal
U101-20241115151122-72667,U101,2024-11-15 15:11:22,1671.42,M75890,Shopping,D101_1,12.926443,74.662516,Mangalore,UPI,PAYMENT,0,normal
U142-20241115180150-63537,U142,2024-11-15 18:01:50,1405.92,M04795,Electricity,D142,12.856883,77.622624,Bengaluru,Debit Card,TRANSFER,0,normal
U148-20241115190659-21365,U148,2024-11-15 19:06:59,1147.3,M24275,Travel,D148,18.561575,73.865922,Pune,UPI,REFUND,0,normal
U014-20241116103930-80799,U014,2024-11-16 10:39:30,899.28,M57691,Subscriptions,D014_2,28.608036,77.161096,Delhi,Credit Card,TOPUP,0,normal
U019-20241116105047-84050,U019,2024-11-16 10:50:47,422.21,M77145,Subscriptions,D019,26.801202,80.913337,Lucknow,Debit Card,PAYMENT,0,normal
U055-20241116171152-33901,U055,2024-11-16 17:11:52,285.71,M57936,Electricity,D055,17.336162,78.45748,Hyderabad,Debit Card,TOPUP,0,normal
U147-20241116194734-17471,U147,2024-11-16 19:47:34,295.04,M61142,Electricity,D147_1,9.936458,76.177707,Kochi,Wallet,TOPUP,0,normal
U005-20241116195255-71963,U005,2024-11-16 19:52:55,1521.15,M58676,Travel,D005,17.357617,78.509944,Hyderabad,UPI,TRANSFER,0,normal
U103-20241117095534-67512,U103,2024-11-17 09:55:34,1111.21,M19985,Restaurants,D103_1,19.068879,72.929618,Mumbai,Wallet,PAYMENT,0,normal
U130-20241117115120-52638,U130,2024-11-17 11:51:20,1095.93,M26407,Restaurants,D130_1,26.937477,75.703208,Jaipur,UPI,PAYMENT,0,normal
U031-20241117142828-74848,U031,2024-11-17 14:28:28,1037.24,M77744,Entertainment,D1031,13.048293,74.726064,Mangalore,UPI,TOPUP,1,NEW_DEVICE
U198-20241117150513-66336,U198,2024-11-17 15:05:13,509.79,M24409,Entertainment,D198_3,18.486027,73.954897,Pune,Credit Card,TOPUP,0,normal
U034-20241117155921-22744,U034,2024-11-17 15:59:21,4026.53,M57805,Travel,D034_1,28.609391,77.171132,Delhi,Credit Card,REFUND,1,HIGH_AMOUNT
U028-20241117163603-30500,U028,2024-11-17 16:36:03,126.36,M23528,Education,D028_1,18.480074,73.872722,Pune,Debit Card,REFUND,0,normal
U006-20241117174619-23881,U006,2024-11-17 17:46:19,234.42,M31806,Healthcare,D006,13.03428,80.146334,Chennai,Wallet,TOPUP,0,normal
U158-20241117194714-96455,U158,2024-11-17 19:47:14,1631.5,M25024,Fuel,D158,18.515363,73.987039,Pune,Credit Card,TRANSFER,0,normal
U111-20241117205010-97471,U111,2024-11-17 20:50:10,1011.25,M77362,Travel,D111_3,12.897679,74.838508,Mangalore,UPI,PAYMENT,0,normal
U123-20241118060402-59633,U123,2024-11-18 06:04:02,32988.12,M20718,Subscriptions,D1123,17.39645,78.433339,Hyderabad,UPI,PAYMENT,1,ACCOUNT_TAKEOVER
U100-20241118142904-27099,U100,2024-11-18 14:29:04,20.0,M25422,Taxi,D100_1,26.87238,75.669868,Jaipur,UPI,PAYMENT,1,MERCHANT_ANOMALY
U139-20241118174640-80332,U139,2024-11-18 17:46:40,399.54,M77257,Education,D139,26.677237,81.048463,Lucknow,UPI,REFUND,0,normal
U111-20241118182558-79960,U111,2024-11-18 18:25:58,601.71,M76268,Travel,D111_3,12.848262,74.778573,Mangalore,Credit Card,TOPUP,0,normal
U189-20241119122437-91520,U189,2024-11-19 12:24:37,411.91,M76414,Education,D189_1,26.825745,80.815616,Lucknow,Debit Card,PAYMENT,0,normal
U167-20241119133858-34721,U167,2024-11-19 13:38:58,2891.51,M63481,Entertainment,D167_1,10.04245,76.305621,Kochi,Credit Card,TOPUP,0,normal
U129-20241119150406-52857,U129,2024-11-19 15:04:06,249.13,M77429,Electricity,D129_1,26.794251,80.948606,Lucknow,Wallet,REFUND,0,normal
U172-20241119154155-82278,U172,2024-11-19 15:41:55,1691.83,M06183,Travel,D172_1,13.016383,77.601874,Bengaluru,Wallet,PAYMENT,0,normal
U009-20241119171623-61333,U009,2024-11-19 17:16:23,405.93,M77008,Fuel,D009_3,26.793691,80.907135,Lucknow,UPI,PAYMENT,0,normal
U063-20241119174305-36732,U063,2024-11-19 17:43:05,1254.66,M18323,Groceries,D063_2,19.080836,72.751444,Mumbai,UPI,TOPUP,0,normal
U050-20241119195829-15852,U050,2024-11-19 19:58:29,314.12,M27690,Bills,D050,26.86326,75.905727,Jaipur,Wallet,PAYMENT,0,normal
U050-20241119201537-89187,U050,2024-11-19 20:15:37,709.32,M27423,Groceries,D050_2,26.883852,75.85848,Jaipur,Wallet,REFUND,0,normal
U103-20241119205027-47519,U103,2024-11-19 20:50:27,960.46,M18949,Education,D103,19.064943,72.829988,Mumbai,Debit Card,PAYMENT,0,normal
U007-20241119205119-79424,U007,2024-11-19 20:51:19,308.28,M60367,Education,D007_1,9.930433,76.106268,Kochi,Wallet,REFUND,0,normal
U197-20241119220047-14414,U197,2024-11-19 22:00:47,930.79,M60221,Taxi,D197_2,9.909743,76.112368,Kochi,Debit Card,TRANSFER,0,normal
U145-20241120135112-63764,U145,2024-11-20 13:51:12,1090.11,M58870,Fuel,D145_1,17.358056,78.528988,Hyderabad,Debit Card,PAYMENT,0,normal
U093-20241120135327-13057,U093,2024-11-20 13:53:27,1844.22,M19075,Electricity,D093_3,19.038433,72.869084,Mumbai,Debit Card,TOPUP,0,normal
U118-20241120135454-20906,U118,2024-11-20 13:54:54,109.72,M22748,Fuel,D118_1,18.444532,73.83031,Pune,Debit Card,REFUND,0,normal
U186-20241120144301-18811,U186,2024-11-20 14:43:01,504.1,M35325,Electricity,D186_1,13.107574,80.424954,Chennai,Credit Card,TOPUP,0,normal
U165-20241120162231-93354,U165,2024-11-20 16:22:31,562.7,M58188,Education,D165,17.339694,78.479064,Hyderabad,Wallet,TRANSFER,0,normal
U168-20241120162902-30546,U168,2024-11-20 16:29:02,597.63,M24239,Entertainment,D168,18.524324,73.899605,Pune,UPI,TOPUP,0,normal
U067-20241120182822-34025,U067,2024-11-20 18:28:22,2066.86,M63034,Subscriptions,D067,9.8618,76.441605,Kochi,UPI,REFUND,0,normal
U163-20241121091536-89848,U163,2024-11-21 09:15:36,552.56,M19847,Entertainment,D163,19.089982,72.894689,Mumbai,UPI,TRANSFER,0,normal
U161-20241121121418-46373,U161,2024-11-21 12:14:18,1093.92,M78008,Bills,D161,12.879471,74.921346,Mangalore,Credit Card,REFUND,0,normal
U064-20241122115708-67668,U064,2024-11-22 11:57:08,61.77,M58775,Healthcare,D064_1,28.600639,77.276861,Delhi,Credit Card,TOPUP,0,normal
U022-20241122125125-52854,U022,2024-11-22 12:51:25,963.8,M06104,Entertainment,D022,12.961219,77.649206,Bengaluru,Credit Card,PAYMENT,0,normal
U077-20241122141459-24107,U077,2024-11-22 14:14:59,816.6,M62663,Shopping,D077,9.901335,76.36498,Kochi,Wallet,PAYMENT,0,normal
U166-20241122191333-24823,U166,2024-11-22 19:13:33,610.22,M32459,Groceries,D166_1,13.051892,80.193967,Chennai,Credit Card,REFUND,0,normal
U091-20241122194625-53950,U091,2024-11-22 19:46:25,412.4,M78665,Education,D091_1,12.939968,74.926485,Mangalore,UPI,REFUND,0,normal
U001-20241122195354-39889,U001,2024-11-22 19:53:54,691.05,M78287,Groceries,D001,12.948071,74.880636,Mangalore,Credit Card,TOPUP,0,normal
U040-20241122200144-26436,U040,2024-11-22 20:01:44,4186.34,M29338,Restaurants,D040,26.985624,75.948133,Jaipur,Wallet,PAYMENT,0,normal
U044-20241123091630-62033,U044,2024-11-23 09:16:30,475.63,M57754,Bills,D044,28.549787,77.225646,Delhi,Debit Card,TOPUP,0,normal
U178-20241123110541-40199,U178,2024-11-23 11:05:41,3751.2,M25073,Education,D178_1,18.602091,73.905169,Pune,UPI,PAYMENT,0,normal
U031-20241123122801-75729,U031,2024-11-23 12:28:01,807.16,M76738,Shopping,D031,12.941068,74.732762,Mangalore,UPI,REFUND,0,normal
U154-20241123151226-50974,U154,2024-11-23 15:12:26,892.87,M60538,Education,D154_1,28.63739,77.416426,Delhi,Wallet,TOPUP,0,normal
U104-20241123165936-90211,U104,2024-11-23 16:59:36,150.87,M58516,Restaurants,D104,28.693968,77.157673,Delhi,Credit Card,REFUND,0,normal
U023-20241123180033-70235,U023,2024-11-23 18:00:33,542.6,M19622,Education,D023,19.103359,72.858836,Mumbai,Wallet,TOPUP,0,normal
U038-20241123182057-73369,U038,2024-11-23 18:20:57,238.1,M23707,Taxi,D038,18.429927,73.940733,Pune,Credit Card,TOPUP,0,normal
U106-20241123193340-63410,U106,2024-11-23 19:33:40,168.8,M33141,Healthcare,D106,12.988825,80.325227,Chennai,UPI,TRANSFER,0,normal
U053-20241123224126-50395,U053,2024-11-23 22:41:26,75.13,M19881,Groceries,D053,19.110713,72.877382,Mumbai,Wallet,TRANSFER,0,normal
U055-20241124105055-27574,U055,2024-11-24 10:50:55,867.45,M57862,Subscriptions,D055,17.343651,78.442572,Hyderabad,UPI,TOPUP,0,normal
U144-20241124130752-35296,U144,2024-11-24 13:07:52,3714.61,M60546,Entertainment,D144_1,28.575743,77.478809,Delhi,Credit Card,PAYMENT,0,normal
U049-20241124131642-73148,U049,2024-11-24 13:16:42,12833.78,M78591,Entertainment,D049,26.860797,80.998324,Lucknow,UPI,TOPUP,1,HIGH_AMOUNT
U132-20241124173248-29246,U132,2024-11-24 17:32:48,515.52,M06714,Education,D132_3,13.038373,77.633012,Bengaluru,Credit Card,TRANSFER,0,normal
U195-20241124213519-46251,U195,2024-11-24 21:35:19,7395.25,M58729,Shopping,D195_1,17.470434,78.402433,Hyderabad,Credit Card,PAYMENT,0,normal
U053-20241124223811-17124,U053,2024-11-24 22:38:11,590.02,M19457,Education,D053,19.098064,72.847591,Mumbai,Debit Card,TOPUP,0,normal
U127-20241125120622-95266,U127,2024-11-25 12:06:22,104.7,M60574,Groceries,D127_1,9.832114,76.225333,Kochi,Debit Card,TOPUP,0,normal
U112-20241125154020-78368,U112,2024-11-25 15:40:20,840.39,M04891,Entertainment,D112,12.870787,77.618291,Bengaluru,Credit Card,REFUND,0,normal
U111-20241125163151-98878,U111,2024-11-25 16:31:51,2199.45,M77241,Bills,D111_3,12.894215,74.829914,Mangalore,Credit Card,TRANSFER,0,normal
U022-20241125175830-85610,U022,2024-11-25 17:58:30,896.11,M06228,Restaurants,D022_1,12.980401,77.642448,Bengaluru,Debit Card,PAYMENT,1,HIGH_VELOCITY
U094-20241126121410-52323,U094,2024-11-26 12:14:10,1605.92,M55446,Bills,D094,28.465685,77.078912,Delhi,Credit Card,TRANSFER,0,normal
U077-20241126135452-15315,U077,2024-11-26 13:54:52,517.95,M62163,Groceries,D077_2,9.868861,76.347436,Kochi,UPI,REFUND,0,normal
U030-20241126144243-70568,U030,2024-11-26 14:42:43,545.56,M28227,Travel,D030_2,26.921955,75.900727,Jaipur,UPI,REFUND,0,normal
U028-20241126152003-73175,U028,2024-11-26 15:20:03,99.07,M24119,Subscriptions,D028_1,18.470418,73.941488,Pune,UPI,TOPUP,0,normal
U048-20241126165210-70591,U048,2024-11-26 16:52:10,4506.0,M24678,Groceries,D048,18.449989,74.017817,Pune,Wallet,TOPUP,0,normal
U129-20241126170927-22622,U129,2024-11-26 17:09:27,165.5,M79069,Shopping,D129,26.830319,81.076591,Lucknow,Wallet,REFUND,0,normal
U084-20241126184351-29533,U084,2024-11-26 18:43:51,746.98,M59713,Fuel,D084_2,28.710348,77.260935,Delhi,Debit Card,PAYMENT,0,normal
U131-20241126192434-91265,U131,2024-11-26 19:24:34,20.0,M78632,Electricity,D131,12.953241,74.910005,Mangalore,UPI,TRANSFER,0,normal
U109-20241126214448-13777,U109,2024-11-26 21:44:48,954.51,M76811,Groceries,D109_1,26.776773,80.904288,Lucknow,Wallet,TOPUP,0,normal
U101-20241126225815-45089,U101,2024-11-26 22:58:15,1076.09,M75960,Subscriptions,D101,12.98528,74.610707,Mangalore,Debit Card,REFUND,0,normal
U138-20241127145236-76737,U138,2024-11-27 14:52:36,1126.08,M23330,Restaurants,D138,18.50172,73.83132,Pune,Credit Card,REFUND,0,normal
U035-20241127164329-44326,U035,2024-11-27 16:43:29,1341.16,M58382,Restaurants,D035_1,17.298874,78.539372,Hyderabad,Debit Card,TRANSFER,0,normal
U190-20241127170706-94268,U190,2024-11-27 17:07:06,433.32,M27369,Fuel,D190_1,26.93061,75.806289,Jaipur,Wallet,PAYMENT,0,normal
U048-20241127203427-62623,U048,2024-11-27 20:34:27,4794.45,M23763,Fuel,D048,18.39217,73.984112,Pune,Debit Card,PAYMENT,0,normal
U180-20241128131547-79163,U180,2024-11-28 13:15:47,332.8,M25750,Shopping,D180_1,26.883436,75.691538,Jaipur,Debit Card,PAYMENT,0,normal
U111-20241128131652-23785,U111,2024-11-28 13:16:52,1893.62,M77149,Restaurants,D111,12.889331,74.825568,Mangalore,Debit Card,TRANSFER,0,normal
U179-20241128135351-86473,U179,2024-11-28 13:53:51,3327.13,M77614,Entertainment,D179,26.860842,80.900563,Lucknow,Credit Card,PAYMENT,0,normal
U089-20241128145045-45878,U089,2024-11-28 14:50:45,935.4,M75158,Restaurants,D089_1,26.703329,80.812521,Lucknow,UPI,TRANSFER,0,normal
U042-20241128165614-86899,U042,2024-11-28 16:56:14,2111.57,M04372,Education,D042,12.965073,77.472125,Bengaluru,Credit Card,TRANSFER,0,normal
U012-20241128172122-44352,U012,2024-11-28 17:21:22,473.65,M05842,Restaurants,D012_1,13.077005,77.507232,Bengaluru,UPI,TOPUP,0,normal
U144-20241128173731-93569,U144,2024-11-28 17:37:31,1590.26,M61081,Education,D144_3,12.958541,77.565244,Bengaluru,Wallet,TOPUP,1,LOCATION_ANOMALY
U105-20241128173812-84622,U105,2024-11-28 17:38:12,1598.97,M58181,Healthcare,D105,17.284372,78.533749,Hyderabad,UPI,TRANSFER,0,normal
U190-20241128182752-54193,U190,2024-11-28 18:27:52,2818.72,M28729,Subscriptions,D190_1,26.994905,75.878001,Jaipur,UPI,TOPUP,1,HIGH_AMOUNT
U023-20241128191451-96882,U023,2024-11-28 19:14:51,3328.54,M19900,Education,D023,19.094951,72.895029,Mumbai,Credit Card,TOPUP,0,normal
U018-20241129141926-52529,U018,2024-11-29 14:19:26,5580.49,M23838,Electricity,D018_3,18.520044,73.863778,Pune,Wallet,REFUND,0,normal
U145-20241129163650-19212,U145,2024-11-29 16:36:50,1632.64,M58596,Healthcare,D145_1,17.388266,78.47138,Hyderabad,UPI,REFUND,0,normal
U049-20241130101430-41099,U049,2024-11-30 10:14:30,3145.87,M77067,Restaurants,D049,26.868458,80.940637,Lucknow,Wallet,REFUND,1,LOCATION_ANOMALY
U068-20241130131944-91280,U068,2024-11-30 13:19:44,550.05,M24202,Fuel,D068_1,18.493428,73.926774,Pune,UPI,PAYMENT,0,normal
U084-20241130140501-43252,U084,2024-11-30 14:05:01,872.28,M59068,Education,D084_1,28.68537,77.221414,Delhi,Credit Card,PAYMENT,0,normal
U089-20241130144959-53770,U089,2024-11-30 14:49:59,771.84,M75129,Restaurants,D089,26.655605,80.857285,Lucknow,UPI,PAYMENT,0,normal
U006-20241130193454-99261,U006,2024-11-30 19:34:54,777.5,M32011,Subscriptions,D006_3,13.058633,80.142505,Chennai,UPI,PAYMENT,0,normal
U038-20241130194244-17417,U038,2024-11-30 19:42:44,269.78,M23843,Taxi,D038_1,18.491555,73.892776,Pune,UPI,TRANSFER,0,normal
U131-20241130225413-50874,U131,2024-11-30 22:54:13,501.93,M76452,Subscriptions,D131_1,12.893874,74.751329,Mangalore,UPI,TOPUP,0,normal
